"","task","sim","N","tau","nsites","nsample_cap","nsample_pa","ntraps","rep","seed","N_mean","n_captured","pa_detects_total","N_lower_95","N_upper_95","N_sd","N_naive_se"
"1",1,1,10,0.25,16,5,7,3,1,21587,6.49013333333333,6,37,6,9,0.893089728094582,0.00421006535295819
"2",2,1,10,0.25,16,5,7,3,2,342592,5.32288888888889,5,38,5,8,0.755086376219892,0.00355951131337775
"3",3,1,10,0.25,16,5,7,3,3,265117,6.49775555555556,5,43,5,10,1.48597877541319,0.007004971125293
"4",4,1,10,0.25,16,5,7,3,4,299644,8.20622222222222,7,38,7,12,1.34109454727069,0.00632198032391603
"5",5,1,10,0.25,16,5,7,3,5,823843,8.04284444444444,7,37,7,11,1.22985914699053,0.00579761161827539
"6",6,1,10,0.25,16,5,7,3,6,524029,7.17764444444444,6,43,6,11,1.31974452104027,0.0062213353350758
"7",7,1,10,0.25,16,5,7,3,7,563423,7.08444444444444,6,32,6,10,1.28070077436435,0.00603728134815928
"8",8,1,10,0.25,16,5,7,3,8,717265,8.81675555555556,8,37,8,12,1.13641011512434,0.00535708865742269
"9",9,1,10,0.25,16,5,7,3,9,446122,7.55233333333333,7,35,7,10,1.02917242045216,0.00485156531674596
"10",10,1,10,0.25,16,5,7,3,10,565813,9.97942222222222,9,41,9,13,1.22186049322646,0.00575990560282914
"11",11,1,10,0.25,16,5,7,3,11,626496,7.06953333333333,6,37,6,10,1.2395067708751,0.00584309095341617
"12",12,1,10,0.25,16,5,7,3,12,14039,7.54924444444444,7,37,7,10,0.872182893843709,0.00411150959114529
"13",13,1,10,0.25,16,5,7,3,13,83820,5.16297777777778,4,33,4,8,1.2975909706504,0.00611690249702221
"14",14,1,10,0.25,16,5,7,3,14,424299,7.65706666666667,6,49,6,11,1.556936285363,0.00733946803503712
"15",15,1,10,0.25,16,5,7,3,15,828859,7.17346666666667,6,32,6,10,1.31821138821818,0.0062141080776427
"16",16,1,10,0.25,16,5,7,3,16,647397,6.8104,6,37,6,10,1.13571927926541,0.00535383202595246
"17",17,1,10,0.25,16,5,7,3,17,110331,8.20282222222222,7,45,7,12,1.36091222396237,0.00641540174775638
"18",18,1,10,0.25,16,5,7,3,18,51581,9.01713333333333,8,40,8,12,1.24491266991844,0.00586857460589586
"19",19,1,10,0.25,16,5,7,3,19,385656,9.2008,8,27,8,13,1.36325940855987,0.0064264664820603
"20",20,1,10,0.25,16,5,7,3,20,447536,6.16255555555556,5,38,5,9,1.30233638077589,0.00613927257488384
"21",21,1,10,0.25,16,5,7,3,21,503040,7.98206666666667,7,41,7,11,1.24570443774281,0.00587230703521412
"22",22,1,10,0.25,16,5,7,3,22,979148,9.0696,8,32,8,12,1.29487613739874,0.00610410465034197
"23",23,1,10,0.25,16,5,7,3,23,349597,9.23424444444444,8,36,8,13,1.38453157934215,0.00652674445679837
"24",24,1,10,0.25,16,5,7,3,24,87574,8.607,7,40,7,12,1.50521361103492,0.00709564500998053
"25",25,1,10,0.25,16,5,7,3,25,470761,6.08257777777778,5,28,5,9,1.29459403290493,0.0061027747970048
"26",26,1,10,0.25,16,5,7,3,26,476899,8.81137777777778,8,38,8,12,1.11610652888176,0.00526137663399246
"27",27,1,10,0.25,16,5,7,3,27,497945,8.54088888888889,8,39,8,11,0.900142886208876,0.00424331425916751
"28",28,1,10,0.25,16,5,7,3,28,591750,7.95357777777778,7,41,7,11,1.20114266634811,0.00566224083031491
"29",29,1,10,0.25,16,5,7,3,29,567325,6.59877777777778,6,36,6,10,1.03732571572201,0.00489000031924149
"30",30,1,10,0.25,16,5,7,3,30,173043,6.9346,6,36,6,10,1.23277507666772,0.00581135744259674
"31",31,1,10,0.25,16,5,7,3,31,967920,8.99077777777778,8,46,8,12,1.21157969154256,0.00571144143891768
"32",32,1,10,0.25,16,5,7,3,32,937828,6.52255555555556,6,33,6,9,0.910627809738595,0.00429274066268809
"33",33,1,10,0.25,16,5,7,3,33,894494,6.14097777777778,5,32,5,9,1.2995155141509,0.00612597488208815
"34",34,1,10,0.25,16,5,7,3,34,204083,8.26408888888889,7,35,7,12,1.37099677669291,0.00646294078522972
"35",35,1,10,0.25,16,5,7,3,35,799739,6.60677777777778,6,40,6,10,1.05815407896994,0.00498818616519901
"36",36,1,10,0.25,16,5,7,3,36,786822,7.90511111111111,7,35,7,11,1.16925609403071,0.0055119260868854
"37",37,1,10,0.25,16,5,7,3,37,774915,6.90022222222222,6,37,6,10,1.17569251489086,0.00554226766579727
"38",38,1,10,0.25,16,5,7,3,38,162859,5.32253333333333,4,39,4,9,1.43360312513549,0.00675806994209019
"39",39,1,10,0.25,16,5,7,3,39,709960,8.20651111111111,7,25,7,12,1.34056115404998,0.00631946588416005
"40",40,1,10,0.25,16,5,7,3,40,559674,6.65593333333333,6,39,6,10,1.06342159158781,0.00501301745781286
"41",41,1,10,0.25,16,5,7,3,41,567333,5.3072,4,40,4,9,1.42411996465399,0.00671336589486655
"42",42,1,10,0.25,16,5,7,3,42,229550,9.46317777777778,9,44,9,12,0.828783210621826,0.00390692152242835
"43",43,1,10,0.25,16,5,7,3,43,952928,10.0562666666667,9,33,9,13,1.27548822608978,0.00601270915994458
"44",44,1,10,0.25,16,5,7,3,44,331757,7.28991111111111,6,37,6,11,1.39678814636031,0.00658452246781576
"45",45,1,10,0.25,16,5,7,3,45,805650,9.295,8,46,8,13,1.38229105898361,0.00651618254253898
"46",46,1,10,0.25,16,5,7,3,46,590673,6.14351111111111,5,35,5,9,1.31457583656879,0.00619696992281182
"47",47,1,10,0.25,16,5,7,3,47,943334,6.0866,5,38,5,9,1.28869598636542,0.00607497113897916
"48",48,1,10,0.25,16,5,7,3,48,645484,8.77971111111111,8,23,8,12,1.11385733100587,0.00525077381352399
"49",49,1,10,0.25,16,5,7,3,49,480484,7.38013333333333,6,27,6,11,1.42074673418424,0.00669746433393543
"50",50,1,10,0.25,16,5,7,3,50,793161,9.25577777777778,9,35,9,11,0.625573321393321,0.00294898091791073
"51",51,2,10,0.35,16,5,7,3,1,544133,8.46244444444445,8,33,8,11,0.922043398293395,0.00434655426321032
"52",52,2,10,0.35,16,5,7,3,2,605489,6.87108888888889,6,26,6,10,1.14905281734152,0.00541668692722463
"53",53,2,10,0.35,16,5,7,3,3,927673,9.37051111111111,9,29,9,12,0.765071580949833,0.00360658201988493
"54",54,2,10,0.35,16,5,7,3,4,218352,10.2042222222222,10,25,10,12,0.545272512906082,0.00257043927647013
"55",55,2,10,0.35,16,5,7,3,5,771111,10.8636,10,33,10,14,1.16384545877737,0.00548642010769765
"56",56,2,10,0.35,16,5,7,3,6,663402,10.5110888888889,10,30,10,13,0.928934031420234,0.00437903701928137
"57",57,2,10,0.35,16,5,7,3,7,111583,7.5578,7,27,7,10,0.886120726787928,0.00417721316574464
"58",58,2,10,0.35,16,5,7,3,8,535465,4.53475555555556,4,23,4,7,0.967684277299525,0.00456170743017398
"59",59,2,10,0.35,16,5,7,3,9,548738,10.4483333333333,9,27,9,14,1.43956743004731,0.00678618594507829
"60",60,2,10,0.35,16,5,7,3,10,723705,9.92377777777778,9,35,9,13,1.23439667235926,0.00581900171799561
"61",61,2,10,0.35,16,5,7,3,11,76809,10.6710888888889,10,24,10,14,1.03839475375439,0.00489503981285511
"62",62,2,10,0.35,16,5,7,3,12,56025,9.41464444444444,9,34,9,12,0.852067750704301,0.00401668589702253
"63",63,2,10,0.35,16,5,7,3,13,879509,8.16546666666667,7,28,7,12,1.32684836047741,0.0062548231553322
"64",64,2,10,0.35,16,5,7,3,14,340649,6.78828888888889,6,36,6,10,1.14423518870915,0.00539397640805671
"65",65,2,10,0.35,16,5,7,3,15,773906,7.1914,7,33,7,9,0.529921432682343,0.00249807359030517
"66",66,2,10,0.35,16,5,7,3,16,640325,9.52048888888889,8,33,8,13,1.48506127558904,0.0070006459896437
"67",67,2,10,0.35,16,5,7,3,17,357102,11.2864,10,26,10,15,1.41967830696093,0.0066924277197034
"68",68,2,10,0.35,16,5,7,3,18,502235,11.3666222222222,10,36,10,15,1.4144450598702,0.00666775795633356
"69",69,2,10,0.35,16,5,7,3,19,505311,10.8930666666667,10,32,10,14,1.22555147474666,0.00577730505657692
"70",70,2,10,0.35,16,5,7,3,20,188493,8.56931111111111,8,33,8,11,0.983178352579219,0.00463474720149723
"71",71,2,10,0.35,16,5,7,3,21,77615,8.48611111111111,8,25,8,11,0.910117791629671,0.00429033641426577
"72",72,2,10,0.35,16,5,7,3,22,807741,10.3657555555556,9,37,9,14,1.4027987671912,0.0066128568061402
"73",73,2,10,0.35,16,5,7,3,23,161214,10.4193333333333,10,36,10,13,0.83986619801054,0.00395916722601744
"74",74,2,10,0.35,16,5,7,3,24,682865,10.5994888888889,10,33,10,14,1.03423248924328,0.00487541870978246
"75",75,2,10,0.35,16,5,7,3,25,126294,10.5351333333333,10,34,10,13,0.927018081599079,0.00437000514520835
"76",76,2,10,0.35,16,5,7,3,26,846684,8.19715555555556,7,27,7,12,1.33910939827842,0.00631262224182205
"77",77,2,10,0.35,16,5,7,3,27,133300,7.97075555555556,7,32,7,11,1.24088726421696,0.00584959866143892
"78",78,2,10,0.35,16,5,7,3,28,624327,10.2796222222222,10,32,10,12,0.624764914169513,0.00294517004971129
"79",79,2,10,0.35,16,5,7,3,29,161292,8.92211111111111,8,27,8,12,1.20977006987156,0.00570291080055134
"80",80,2,10,0.35,16,5,7,3,30,465614,6.45297777777778,6,38,6,9,0.916652620859725,0.00432114189468222
"81",81,2,10,0.35,16,5,7,3,31,235619,7.82322222222222,7,31,7,11,1.18612477954959,0.00559144583301943
"82",82,2,10,0.35,16,5,7,3,32,916028,10.1194888888889,10,36,10,11,0.40935384897063,0.00192971255007964
"83",83,2,10,0.35,16,5,7,3,33,163442,9.30595555555556,9,36,9,12,0.817370744196082,0.00385312263976363
"84",84,2,10,0.35,16,5,7,3,34,79035,10.9209555555556,10,32,10,14,1.19379194213986,0.00562758918408634
"85",85,2,10,0.35,16,5,7,3,35,134377,7.82831111111111,7,39,7,11,1.14467697461696,0.00539605900679836
"86",86,2,10,0.35,16,5,7,3,36,68323,10.749,10,40,10,14,1.11274628439224,0.00524553628955926
"87",87,2,10,0.35,16,5,7,3,37,596224,6.93362222222222,6,34,6,10,1.23319143633182,0.00581332018087607
"88",88,2,10,0.35,16,5,7,3,38,274790,10.0413777777778,9,26,9,13,1.27727649502128,0.00602113914053153
"89",89,2,10,0.35,16,5,7,3,39,998669,10.4936444444444,10,32,10,13,0.935890048163225,0.00441182799667481
"90",90,2,10,0.35,16,5,7,3,40,326223,9.80486666666667,9,34,9,13,1.13866228289354,0.0053677054781025
"91",91,2,10,0.35,16,5,7,3,41,791626,10.0487333333333,9,32,9,13,1.2616190610363,0.00594732928888648
"92",92,2,10,0.35,16,5,7,3,42,860712,8.93111111111111,8,24,8,12,1.20199731227268,0.00566626966984009
"93",93,2,10,0.35,16,5,7,3,43,960022,9.74297777777778,9,34,9,13,1.11437598693537,0.00525321878102301
"94",94,2,10,0.35,16,5,7,3,44,585868,9.85535555555555,9,35,9,13,1.13874010340995,0.00536807232753495
"95",95,2,10,0.35,16,5,7,3,45,893012,7.3192,6,31,6,11,1.36517703295076,0.00643550625013077
"96",96,2,10,0.35,16,5,7,3,46,354713,10.8730888888889,10,42,10,14,1.16904117693583,0.00551091295798418
"97",97,2,10,0.35,16,5,7,3,47,295130,9.98966666666667,9,30,9,13,1.22621095333282,0.00578041386844571
"98",98,2,10,0.35,16,5,7,3,48,458892,8.6176,8,26,8,11,1.0316623600042,0.00486330300435927
"99",99,2,10,0.35,16,5,7,3,49,303650,10.3301555555556,10,39,10,13,0.770893755300994,0.00363402801298464
"100",100,2,10,0.35,16,5,7,3,50,177660,10.7772222222222,10,31,10,14,1.17268000708895,0.00552806656782992
"101",101,3,10,0.45,16,5,7,3,1,474555,10.9145777777778,10,31,10,14,1.2238113025561,0.00576910180620104
"102",102,3,10,0.45,16,5,7,3,2,786702,10.3435777777778,10,31,10,13,0.807459609843659,0.00380640110436463
"103",103,3,10,0.45,16,5,7,3,3,556303,10.6265777777778,10,30,10,14,1.19242455949686,0.00562114328049075
"104",104,3,10,0.45,16,5,7,3,4,433703,10.5925333333333,10,36,10,13,1.00507270462436,0.00473795816683592
"105",105,3,10,0.45,16,5,7,3,5,847947,9.31411111111111,9,20,9,11,0.731050596811337,0.00344620556263846
"106",106,3,10,0.45,16,5,7,3,6,180619,10.5262444444444,10,21,10,13,0.901625917013941,0.00425030533342731
"107",107,3,10,0.45,16,5,7,3,7,9469,9.56013333333333,9,22,9,12,0.971416180971503,0.00457929979279525
"108",108,3,10,0.45,16,5,7,3,8,399859,10.7371333333333,10,19,10,14,1.08171386959045,0.00509924808327299
"109",109,3,10,0.45,16,5,7,3,9,572328,10.6835555555556,10,24,10,13,1.04691002618514,0.00493518119205134
"110",110,3,10,0.45,16,5,7,3,10,276193,9.94026666666667,9,28,9,13,1.21447667516685,0.00572509795068914
"111",111,3,10,0.45,16,5,7,3,11,193979,11.6105111111111,10,17,10,15,1.5274289311242,0.00720036903318959
"112",112,3,10,0.45,16,5,7,3,12,547349,10.8412222222222,10,28,10,14,1.17768058024923,0.0055516394957729
"113",113,3,10,0.45,16,5,7,3,13,138804,9.46955555555556,9,27,9,12,0.872251899580587,0.00411183488730854
"114",114,3,10,0.45,16,5,7,3,14,943551,10.4824222222222,10,22,10,13,0.86662624288832,0.00408531528733701
"115",115,3,10,0.45,16,5,7,3,15,252168,8.93768888888889,8,29,8,12,1.29992281346723,0.0061278949094785
"116",116,3,10,0.45,16,5,7,3,16,979364,10.5642222222222,10,24,10,13,0.987560102843079,0.00465540297033084
"117",117,3,10,0.45,16,5,7,3,17,646608,10.6337333333333,10,30,10,14,1.10315114047027,0.00520030434733468
"118",118,3,10,0.45,16,5,7,3,18,346449,10.8071777777778,10,19,10,14,1.1127655221203,0.00524562697707903
"119",119,3,10,0.45,16,5,7,3,19,883887,11.1127555555556,10,29,10,14,1.2908528155371,0.0060851385292002
"120",120,3,10,0.45,16,5,7,3,20,818797,11.1663777777778,10,27,10,15,1.37161065818074,0.00646583465031564
"121",121,3,10,0.45,16,5,7,3,21,180741,9.83224444444445,9,31,9,13,1.1770207086714,0.00554852883132363
"122",122,3,10,0.45,16,5,7,3,22,284013,9.35057777777778,8,27,8,13,1.40954895706267,0.00664467750635624
"123",123,3,10,0.45,16,5,7,3,23,706936,10.9927111111111,10,33,10,14,1.31413965271302,0.00619491373239674
"124",124,3,10,0.45,16,5,7,3,24,13410,11.4075777777778,10,26,10,15,1.48202423412191,0.00698632923886934
"125",125,3,10,0.45,16,5,7,3,25,27900,10.1795777777778,9,30,9,14,1.36552551249777,0.00643714899846938
"126",126,3,10,0.45,16,5,7,3,26,909205,9.39602222222222,9,27,9,12,0.8575446002074,0.00404250401317706
"127",127,3,10,0.45,16,5,7,3,27,504872,10.9984888888889,10,30,10,14,1.28913027616222,0.0060770184007146
"128",128,3,10,0.45,16,5,7,3,28,394232,10.3971555555556,10,37,10,13,0.911029526121209,0.00429463437187649
"129",129,3,10,0.45,16,5,7,3,29,637191,10.0660444444444,9,20,9,13,1.29549127711597,0.00610700444677814
"130",130,3,10,0.45,16,5,7,3,30,656109,10.6210888888889,10,32,10,14,1.07336789554171,0.00505990478430317
"131",131,3,10,0.45,16,5,7,3,31,414229,10.0826222222222,10,26,10,11,0.381428777848364,0.00179807250237517
"132",132,3,10,0.45,16,5,7,3,32,797695,9.5738,9,35,9,12,0.976773194257193,0.00460455299560337
"133",133,3,10,0.45,16,5,7,3,33,252883,10.9394888888889,10,23,10,14,1.23327701868414,0.00581372361995387
"134",134,3,10,0.45,16,5,7,3,34,159304,11.2711111111111,10,32,10,15,1.37816580026108,0.00649673588642665
"135",135,3,10,0.45,16,5,7,3,35,471427,10.4946222222222,9,23,9,14,1.49671446643768,0.00705557965812058
"136",136,3,10,0.45,16,5,7,3,36,685770,10.4210222222222,10,26,10,13,0.8254291047151,0.00389111011555192
"137",137,3,10,0.45,16,5,7,3,37,459898,11.0006,10,26,10,14,1.23668475448751,0.00582978784058757
"138",138,3,10,0.45,16,5,7,3,38,314712,10.9042888888889,10,25,10,14,1.1446696031116,0.00539602425718883
"139",139,3,10,0.45,16,5,7,3,39,568710,8.24808888888889,8,26,8,10,0.686841521357323,0.00323780198234832
"140",140,3,10,0.45,16,5,7,3,40,789774,9.11091111111111,8,21,8,13,1.39571877679446,0.00657948141133838
"141",141,3,10,0.45,16,5,7,3,41,597387,10.5521111111111,10,25,10,13,0.975599544883002,0.0045990203593952
"142",142,3,10,0.45,16,5,7,3,42,43251,11.2633111111111,10,22,10,15,1.42188488673838,0.00670282963652916
"143",143,3,10,0.45,16,5,7,3,43,931000,10.2685111111111,10,34,10,12,0.712508680852611,0.00335879813256775
"144",144,3,10,0.45,16,5,7,3,44,999506,10.8212666666667,10,26,10,14,1.14936474086348,0.00541815734880856
"145",145,3,10,0.45,16,5,7,3,45,796987,10.4057777777778,10,32,10,13,0.852489485319325,0.0040186739730635
"146",146,3,10,0.45,16,5,7,3,46,254019,10.2846888888889,10,31,10,12,0.710185500147501,0.00334784655369772
"147",147,3,10,0.45,16,5,7,3,47,84939,10.9562222222222,10,29,10,14,1.21347279687503,0.00572036562303825
"148",148,3,10,0.45,16,5,7,3,48,438920,10.2901111111111,10,26,10,13,0.741771897703101,0.00349674625972984
"149",149,3,10,0.45,16,5,7,3,49,677154,10.3636444444444,10,27,10,13,0.817937668545318,0.00385579514677539
"150",150,3,10,0.45,16,5,7,3,50,820428,10.3374444444444,10,22,10,13,0.794250687339477,0.00374413364653214
"151",151,4,10,0.55,16,5,7,3,1,94336,11.4060888888889,10,24,10,15,1.40240347958594,0.00661099340249886
"152",152,4,10,0.55,16,5,7,3,2,876724,10.3252222222222,10,24,10,13,0.89829690359164,0.00423461221365685
"153",153,4,10,0.55,16,5,7,3,3,350780,10.4349777777778,10,23,10,13,0.917031272023802,0.0043229268733877
"154",154,4,10,0.55,16,5,7,3,4,444018,10.7105555555556,10,25,10,14,1.18942003449982,0.00560697981382639
"155",155,4,10,0.55,16,5,7,3,5,236583,11.0429333333333,10,22,10,14,1.28946772418365,0.00607860914594297
"156",156,4,10,0.55,16,5,7,3,6,432893,10.1998888888889,10,18,10,12,0.628638646088016,0.00296343099709844
"157",157,4,10,0.55,16,5,7,3,7,897216,10.5472444444444,10,20,10,13,1.00640803706657,0.00474425298433608
"158",158,4,10,0.55,16,5,7,3,8,81213,10.0854222222222,9,13,9,14,1.3644656971741,0.00643215298112159
"159",159,4,10,0.55,16,5,7,3,9,992788,10.3692444444444,10,25,10,13,0.885831925484128,0.00417585174334243
"160",160,4,10,0.55,16,5,7,3,10,808871,10.1802444444444,10,21,10,12,0.634165058717765,0.00298948275607265
"161",161,4,10,0.55,16,5,7,3,11,411137,10.6848444444444,10,31,10,14,1.09296394655694,0.0051522814546855
"162",162,4,10,0.55,16,5,7,3,12,406738,10.8631333333333,10,17,10,14,1.24264576492165,0.00585788831325895
"163",163,4,10,0.55,16,5,7,3,13,951379,10.2209111111111,10,23,10,12,0.689531211085321,0.00325048130132135
"164",164,4,10,0.55,16,5,7,3,14,796425,10.8762,10,26,10,14,1.20034023895717,0.00565845815131798
"165",165,4,10,0.55,16,5,7,3,15,20081,10.6634222222222,10,12,10,14,1.15039622535748,0.00542301981334454
"166",166,4,10,0.55,16,5,7,3,16,579943,10.3322222222222,10,28,10,13,0.805893944536509,0.00379902048732627
"167",167,4,10,0.55,16,5,7,3,17,574840,11.0184666666667,10,20,10,14,1.25778673538943,0.00592926353253569
"168",168,4,10,0.55,16,5,7,3,18,631503,10.1574222222222,10,24,10,12,0.503434303865318,0.00237321206763397
"169",169,4,10,0.55,16,5,7,3,19,817988,11.2119333333333,10,25,10,15,1.41202601185875,0.00665635445464747
"170",170,4,10,0.55,16,5,7,3,20,355997,9.87708888888889,9,19,9,13,1.18399118314628,0.00558138796311881
"171",171,4,10,0.55,16,5,7,3,21,794510,10.6715111111111,10,16,10,14,1.10179138163158,0.00519389438269723
"172",172,4,10,0.55,16,5,7,3,22,662345,10.5892222222222,10,21,10,13,1.04327328045399,0.00491803740826502
"173",173,4,10,0.55,16,5,7,3,23,348944,11.0354888888889,10,16,10,14,1.25906410998079,0.00593528513410682
"174",174,4,10,0.55,16,5,7,3,24,811949,10.4684222222222,10,22,10,13,0.922050590984514,0.00434658816988142
"175",175,4,10,0.55,16,5,7,3,25,981458,10.9596222222222,10,17,10,14,1.29978906860905,0.00612726443017069
"176",176,4,10,0.55,16,5,7,3,26,464983,10.3547333333333,10,24,10,13,0.78095385678066,0.00368145178615595
"177",177,4,10,0.55,16,5,7,3,27,814030,10.215,10,21,10,12,0.665788058931993,0.00313855500869227
"178",178,4,10,0.55,16,5,7,3,28,208369,10.7132222222222,10,16,10,14,1.13456227496025,0.00534837785535217
"179",179,4,10,0.55,16,5,7,3,29,743359,9.68086666666667,9,17,9,13,1.13028220407178,0.00532820140769086
"180",180,4,10,0.55,16,5,7,3,30,866435,10.1093111111111,10,29,10,11,0.486290610940567,0.00229239592415616
"181",181,4,10,0.55,16,5,7,3,31,234073,10.6419111111111,10,20,10,14,1.04983446099151,0.00494896710993613
"182",182,4,10,0.55,16,5,7,3,32,279527,10.9165555555556,10,25,10,14,1.27514088193667,0.00601107176390408
"183",183,4,10,0.55,16,5,7,3,33,6251,10.4243333333333,10,22,10,14,1.04774310640238,0.00493910836985721
"184",184,4,10,0.55,16,5,7,3,34,174833,10.1321555555556,10,28,10,12,0.494577609191759,0.00233146120855015
"185",185,4,10,0.55,16,5,7,3,35,93674,10.2056222222222,10,27,10,12,0.701599281314235,0.00330737072995269
"186",186,4,10,0.55,16,5,7,3,36,988570,10.8726,10,25,10,14,1.23824381953508,0.00583713734370389
"187",187,4,10,0.55,16,5,7,3,37,216964,10.6263777777778,10,19,10,14,1.1068123861034,0.00521756362476653
"188",188,4,10,0.55,16,5,7,3,38,993524,10.4794,9,19,9,14,1.45308113442347,0.00684989015843386
"189",189,4,10,0.55,16,5,7,3,39,947453,9.49133333333333,9,19,9,12,0.951974862601588,0.0044876525390981
"190",190,4,10,0.55,16,5,7,3,40,161167,10.8264,10,21,10,14,1.23063986314684,0.00580129194953075
"191",191,4,10,0.55,16,5,7,3,41,922433,10.9794444444444,10,34,10,14,1.29912512302358,0.00612413456066521
"192",192,4,10,0.55,16,5,7,3,42,463378,10.4654222222222,10,19,10,13,0.927877601298562,0.0043740569599288
"193",193,4,10,0.55,16,5,7,3,43,360537,10.6079555555556,10,21,10,14,1.06111762759555,0.00500215646739598
"194",194,4,10,0.55,16,5,7,3,44,108318,10.3430444444444,10,19,10,13,0.823219973332842,0.00388069617034574
"195",195,4,10,0.55,16,5,7,3,45,199029,10.3734,10,23,10,13,0.826793584176994,0.00389754233342056
"196",196,4,10,0.55,16,5,7,3,46,531773,9.64515555555556,9,25,9,13,1.12272589337581,0.00529258061746506
"197",197,4,10,0.55,16,5,7,3,47,671251,11.0741333333333,10,30,10,14,1.32901348105221,0.00626502963160237
"198",198,4,10,0.55,16,5,7,3,48,339004,10.8656222222222,10,17,10,14,1.18420925261761,0.00558241595246509
"199",199,4,10,0.55,16,5,7,3,49,884672,10.9667333333333,10,19,10,14,1.27752218387288,0.00602229732888508
"200",200,4,10,0.55,16,5,7,3,50,467958,10.2518444444444,10,25,10,13,0.764684853809242,0.00360475897066106
"201",201,5,10,0.65,16,5,7,3,1,690346,10.8082888888889,10,17,10,14,1.13744745452415,0.00536197872224936
"202",202,5,10,0.65,16,5,7,3,2,417115,10.2014,10,12,10,12,0.670160195022835,0.00315916545587964
"203",203,5,10,0.65,16,5,7,3,3,188397,10.3588888888889,10,26,10,13,0.879453338824366,0.00414578279746573
"204",204,5,10,0.65,16,5,7,3,4,992541,10.2650222222222,10,17,10,13,0.807079733848102,0.00380461035174818
"205",205,5,10,0.65,16,5,7,3,5,1893,10.2477111111111,10,16,10,13,0.785456430452293,0.00370267712199597
"206",206,5,10,0.65,16,5,7,3,6,689507,10.2508666666667,10,14,10,12,0.718972772191102,0.00338927015136546
"207",207,5,10,0.65,16,5,7,3,7,484232,10.3111333333333,10,15,10,13,0.881987655522387,0.00415772968095137
"208",208,5,10,0.65,16,5,7,3,8,963515,10.2236,10,17,10,12,0.679225018297005,0.00320189744259579
"209",209,5,10,0.65,16,5,7,3,9,57269,10.2994888888889,10,22,10,13,0.759815263566366,0.00358180350211214
"210",210,5,10,0.65,16,5,7,3,10,755067,10.3565777777778,10,14,10,13,0.883265823033938,0.0041637550203841
"211",211,5,10,0.65,16,5,7,3,11,17154,11.0008,10,14,10,15,1.36042331607644,0.00641309701387961
"212",212,5,10,0.65,16,5,7,3,12,414752,10.7756,10,14,10,14,1.30313900487559,0.00614305618117478
"213",213,5,10,0.65,16,5,7,3,13,142408,10.7793111111111,10,14,10,14,1.28370112940006,0.00605142515743739
"214",214,5,10,0.65,16,5,7,3,14,750142,10.5861777777778,10,18,10,14,1.140634361753,0.00537700194699956
"215",215,5,10,0.65,16,5,7,3,15,304979,10.4346222222222,10,16,10,14,1.09265072658078,0.00515080492155787
"216",216,5,10,0.65,16,5,7,3,16,777695,10.3608222222222,10,20,10,13,0.866090573793909,0.00408279011900947
"217",217,5,10,0.65,16,5,7,3,17,573512,10.8181777777778,10,25,10,14,1.1631153894719,0.00548297852798677
"218",218,5,10,0.65,16,5,7,3,18,315137,10.4604888888889,10,14,10,13,0.944041435751123,0.00445025400627136
"219",219,5,10,0.65,16,5,7,3,19,351440,9.74255555555555,9,17,9,13,1.12374145806642,0.00529736803532815
"220",220,5,10,0.65,16,5,7,3,20,34767,10.3581555555556,10,16,10,13,0.803592664535427,0.00378817214936511
"221",221,5,10,0.65,16,5,7,3,21,86868,10.2964666666667,10,14,10,13,0.836188939467398,0.0039418324630039
"222",222,5,10,0.65,16,5,7,3,22,817990,10.1458,10,19,10,12,0.53405558211284,0.00251756215761679
"223",223,5,10,0.65,16,5,7,3,23,139407,10.5678222222222,10,14,10,14,1.0830017899919,0.00510531939826962
"224",224,5,10,0.65,16,5,7,3,24,538275,10.1231111111111,10,23,10,12,0.500626608948915,0.00235997646686802
"225",225,5,10,0.65,16,5,7,3,25,784206,10.1845777777778,10,15,10,12,0.654205624534688,0.00308395488932572
"226",226,5,10,0.65,16,5,7,3,26,967681,10.1481333333333,10,16,10,12,0.541824833813179,0.00255418676136382
"227",227,5,10,0.65,16,5,7,3,27,271964,10.5740222222222,10,18,10,14,1.12406697610205,0.00529890254206412
"228",228,5,10,0.65,16,5,7,3,28,724885,10.4292,10,15,10,13,0.928813985628027,0.00437847111798988
"229",229,5,10,0.65,16,5,7,3,29,538990,11.0719333333333,10,15,10,15,1.37577488918101,0.00648546502350708
"230",230,5,10,0.65,16,5,7,3,30,440333,10.1829777777778,10,15,10,12,0.585789194672137,0.00276143674598983
"231",231,5,10,0.65,16,5,7,3,31,921396,10.5278,10,22,10,14,1.24147549724252,0.00585237161851418
"232",232,5,10,0.65,16,5,7,3,32,522516,10.3476222222222,10,21,10,13,0.95826305650569,0.00451729536943814
"233",233,5,10,0.65,16,5,7,3,33,898937,10.6284222222222,10,11,10,14,1.06120449524489,0.00500256596542207
"234",234,5,10,0.65,16,5,7,3,34,380395,10.2227333333333,10,21,10,12,0.678838953611646,0.00320007751621583
"235",235,5,10,0.65,16,5,7,3,35,888373,10.3575333333333,10,13,10,13,0.869934901609604,0.00410091245412669
"236",236,5,10,0.65,16,5,7,3,36,169614,10.3076666666667,10,15,10,13,0.76469223662881,0.00360479377360627
"237",237,5,10,0.65,16,5,7,3,37,946013,10.2134666666667,10,18,10,12,0.599885156827749,0.00282788574884038
"238",238,5,10,0.65,16,5,7,3,38,948436,10.3998222222222,10,18,10,14,1.03246699776021,0.00486709610311707
"239",239,5,10,0.65,16,5,7,3,39,357281,10.2932666666667,10,24,10,13,0.839940015043784,0.00395951520284927
"240",240,5,10,0.65,16,5,7,3,40,365049,10.4671333333333,10,17,10,13,0.955967271329863,0.00450647293433164
"241",241,5,10,0.65,16,5,7,3,41,724280,10.2145555555556,10,19,10,12,0.684623738037079,0.00322734725151534
"242",242,5,10,0.65,16,5,7,3,42,168403,10.2244888888889,10,23,10,12,0.668840798072101,0.0031529457590067
"243",243,5,10,0.65,16,5,7,3,43,917202,10.3398,10,15,10,13,0.823215860504171,0.00388067678228545
"244",244,5,10,0.65,16,5,7,3,44,248724,10.5777111111111,10,8,10,14,1.03613939248094,0.0048844079378519
"245",245,5,10,0.65,16,5,7,3,45,751012,10.7954888888889,10,23,10,14,1.32148595292125,0.00622954452368921
"246",246,5,10,0.65,16,5,7,3,46,964750,10.1942444444444,10,25,10,12,0.668756001770801,0.00315254602540891
"247",247,5,10,0.65,16,5,7,3,47,728261,10.5412666666667,10,17,10,14,1.04179815856371,0.00491108361698705
"248",248,5,10,0.65,16,5,7,3,48,98155,10.1791555555556,10,20,10,12,0.641596265521118,0.00302451380089298
"249",249,5,10,0.65,16,5,7,3,49,355874,10.5589111111111,10,16,10,14,1.09575978038519,0.00516546114174565
"250",250,5,10,0.65,16,5,7,3,50,610098,10.9283555555556,10,17,10,14,1.33427299052101,0.00628982319700973
"251",251,6,25,0.25,16,5,7,3,1,317484,18.0903111111111,17,64,17,21,1.24481614181614,0.0058681195680578
"252",252,6,25,0.25,16,5,7,3,2,924662,14.2298888888889,13,81,13,18,1.33213758077409,0.00627975677892532
"253",253,6,25,0.25,16,5,7,3,3,957268,12.1102,11,69,11,15,1.28884254115506,0.00607566200488294
"254",254,6,25,0.25,16,5,7,3,4,965378,11.4213777777778,10,60,10,15,1.43429341315098,0.0067613239910017
"255",255,6,25,0.25,16,5,7,3,5,498760,19.6929777777778,19,71,19,22,0.977083365824381,0.00460601515839331
"256",256,6,25,0.25,16,5,7,3,6,731719,16.4940666666667,15,64,15,20,1.42139552838632,0.00670052277913468
"257",257,6,25,0.25,16,5,7,3,7,141282,11.9835777777778,11,58,11,15,1.20860180646071,0.00569740355401787
"258",258,6,25,0.25,16,5,7,3,8,536085,17.0943555555556,16,70,16,20,1.23238598829295,0.00580952326240819
"259",259,6,25,0.25,16,5,7,3,9,599115,18.4622888888889,18,75,18,21,0.798702310971797,0.00376511880158349
"260",260,6,25,0.25,16,5,7,3,10,684768,16.8762444444444,16,72,16,20,1.10595387130122,0.00521351654717736
"261",261,6,25,0.25,16,5,7,3,11,722650,22.4378888888889,22,70,22,24,0.767984219227415,0.00362031232839974
"262",262,6,25,0.25,16,5,7,3,12,616084,18.594,17,78,17,22,1.48456191760463,0.00699829199353026
"263",263,6,25,0.25,16,5,7,3,13,658447,17.7474222222222,16,70,16,21,1.55215699498841,0.00731693824414958
"264",264,6,25,0.25,16,5,7,3,14,780296,17.9245111111111,17,74,17,21,1.16007576400301,0.0054686495961113
"265",265,6,25,0.25,16,5,7,3,15,63075,24.2646444444444,23,75,23,28,1.30896959231726,0.0061705418339635
"266",266,6,25,0.25,16,5,7,3,16,632641,16.2694888888889,15,68,15,20,1.33773189284501,0.00630612861893483
"267",267,6,25,0.25,16,5,7,3,17,669122,17.6635111111111,17,72,17,20,0.965583503448638,0.00455180428726931
"268",268,6,25,0.25,16,5,7,3,18,529628,17.2918444444444,17,72,17,19,0.656939680654931,0.00309684335347751
"269",269,6,25,0.25,16,5,7,3,19,965842,11.7474888888889,11,72,11,15,1.09269198892996,0.00515099943413727
"270",270,6,25,0.25,16,5,7,3,20,240567,15.9669777777778,15,65,15,19,1.17522867883683,0.00554008112166954
"271",271,6,25,0.25,16,5,7,3,21,841555,16.1380888888889,15,74,15,19,1.26788996358696,0.00597689060700469
"272",272,6,25,0.25,16,5,7,3,22,794741,8.61331111111111,7,74,7,12,1.49611693698004,0.0070527628772442
"273",273,6,25,0.25,16,5,7,3,23,982254,15.4055333333333,15,72,15,17,0.751723756717503,0.00354365977302649
"274",274,6,25,0.25,16,5,7,3,24,30820,16.1190666666667,15,70,15,19,1.26990510108228,0.00598639005625779
"275",275,6,25,0.25,16,5,7,3,25,638254,18.9484666666667,18,77,18,22,1.17258374875171,0.00552761280167652
"276",276,6,25,0.25,16,5,7,3,26,977107,19.1348222222222,18,68,18,22,1.2329779110602,0.00581231361309261
"277",277,6,25,0.25,16,5,7,3,27,675308,13.5991777777778,13,71,13,16,0.96501353852227,0.00454911744683949
"278",278,6,25,0.25,16,5,7,3,28,792942,17.6147111111111,17,76,17,20,0.918243545709279,0.0043286415863454
"279",279,6,25,0.25,16,5,7,3,29,421890,18.8994,18,67,18,22,1.11967095824378,0.00527817951514545
"280",280,6,25,0.25,16,5,7,3,30,868375,17.1186222222222,16,67,16,20,1.30421960971616,0.00614815020124514
"281",281,6,25,0.25,16,5,7,3,31,698117,18.6838,18,69,18,21,0.9910574867836,0.00467188979633587
"282",282,6,25,0.25,16,5,7,3,32,447097,10.3108,10,71,10,12,0.701959858739061,0.00330907050823427
"283",283,6,25,0.25,16,5,7,3,33,926142,22.0976444444444,21,73,21,25,1.22819161340521,0.00578975078956848
"284",284,6,25,0.25,16,5,7,3,34,301511,20.5774444444444,20,74,20,23,0.893941400544536,0.00421408017538961
"285",285,6,25,0.25,16,5,7,3,35,690436,16.5176666666667,16,70,16,19,0.858534825308615,0.0040471719790702
"286",286,6,25,0.25,16,5,7,3,36,326996,17.4439555555556,17,80,17,19,0.760398055353082,0.00358455080894152
"287",287,6,25,0.25,16,5,7,3,37,387128,23.1428222222222,22,68,22,26,1.26811049012119,0.00597793017905659
"288",288,6,25,0.25,16,5,7,3,38,352620,17.3276666666667,17,71,17,19,0.673861329109102,0.00317661276928284
"289",289,6,25,0.25,16,5,7,3,39,717530,16.9098444444444,16,69,16,20,1.13955680957148,0.00537192231730203
"290",290,6,25,0.25,16,5,7,3,40,919088,18.4230222222222,17,70,17,22,1.40528624057083,0.0066245828681052
"291",291,6,25,0.25,16,5,7,3,41,404361,21.5147333333333,21,70,21,24,0.825602990685505,0.00389192982187743
"292",292,6,25,0.25,16,5,7,3,42,131918,9.37153333333333,8,74,8,13,1.43126504044201,0.00674704810514522
"293",293,6,25,0.25,16,5,7,3,43,248658,15.3328666666667,15,68,15,17,0.71460168945247,0.00336866466972803
"294",294,6,25,0.25,16,5,7,3,44,981360,13.5574666666667,13,73,13,16,0.89683635959913,0.00422772714324801
"295",295,6,25,0.25,16,5,7,3,45,500123,11.7977777777778,11,69,11,15,1.09472448283647,0.00516058070229737
"296",296,6,25,0.25,16,5,7,3,46,125954,18.788,18,79,18,22,1.05605802932479,0.00497830529241375
"297",297,6,25,0.25,16,5,7,3,47,843087,13.4799777777778,13,75,13,16,0.80175644391511,0.00377951612234924
"298",298,6,25,0.25,16,5,7,3,48,793395,20.5289555555556,19,57,19,24,1.4234566468045,0.00671023898453686
"299",299,6,25,0.25,16,5,7,3,49,534600,16.2216444444444,16,71,16,18,0.56516738376604,0.00266422459710951
"300",300,6,25,0.25,16,5,7,3,50,38825,16.2110444444444,15,76,15,20,1.32200570355293,0.00623199465166379
"301",301,7,25,0.35,16,5,7,3,1,316022,16.5578888888889,15,54,15,20,1.54703725997453,0.00729280358184166
"302",302,7,25,0.35,16,5,7,3,2,719145,22.9590444444444,22,68,22,26,1.14020289591863,0.00537496799755066
"303",303,7,25,0.35,16,5,7,3,3,69113,23.3365777777778,23,72,23,25,0.690002722724662,0.00325270402850527
"304",304,7,25,0.35,16,5,7,3,4,426121,19.9193777777778,19,59,19,23,1.13545675429972,0.00535259447139601
"305",305,7,25,0.35,16,5,7,3,5,806392,25.1759777777778,24,71,24,28,1.27745462079077,0.00602197883346162
"306",306,7,25,0.35,16,5,7,3,6,634230,23.4427555555556,23,63,23,26,0.776790286503239,0.00366182452764188
"307",307,7,25,0.35,16,5,7,3,7,808598,23.7114444444444,23,59,23,26,0.971654376404128,0.00458042265683297
"308",308,7,25,0.35,16,5,7,3,8,152494,21.5173333333333,21,62,21,24,0.856105041787677,0.00403571786970706
"309",309,7,25,0.35,16,5,7,3,9,57920,20.0648444444444,19,61,19,23,1.25979161403801,0.00593871462112147
"310",310,7,25,0.35,16,5,7,3,10,567986,20.1383333333333,20,73,20,21,0.417932734294524,0.00197015380332996
"311",311,7,25,0.35,16,5,7,3,11,541456,23.1921333333333,23,66,23,25,0.506821732154154,0.0023891805577261
"312",312,7,25,0.35,16,5,7,3,12,79520,22.6753333333333,22,60,22,25,0.956283715205714,0.00450796466506817
"313",313,7,25,0.35,16,5,7,3,13,685976,24.3032444444444,24,77,24,26,0.647187851198052,0.00305087278855795
"314",314,7,25,0.35,16,5,7,3,14,672783,23.9725555555556,23,72,23,27,1.14887796500847,0.00541586266542191
"315",315,7,25,0.35,16,5,7,3,15,468261,25.4043333333333,25,62,25,27,0.726187645607703,0.00342328139082067
"316",316,7,25,0.35,16,5,7,3,16,457109,18.5396222222222,18,63,18,21,0.891442629147195,0.00420230085405831
"317",317,7,25,0.35,16,5,7,3,17,358958,20.3231777777778,20,66,20,22,0.656919699494363,0.00309674916138329
"318",318,7,25,0.35,16,5,7,3,18,923043,20.3208666666667,20,59,20,22,0.649348867951621,0.00306105991922933
"319",319,7,25,0.35,16,5,7,3,19,216551,18.5920888888889,18,63,18,21,0.948604630147634,0.00447176511094899
"320",320,7,25,0.35,16,5,7,3,20,698965,19.4100888888889,19,64,19,22,0.793681290281558,0.00374144948305986
"321",321,7,25,0.35,16,5,7,3,21,811586,18.7016444444444,18,54,18,21,1.00672507343238,0.00474574750809708
"322",322,7,25,0.35,16,5,7,3,22,479884,24.2349111111111,24,56,24,26,0.555018772260743,0.00261638358367602
"323",323,7,25,0.35,16,5,7,3,23,906470,22.4739111111111,22,62,22,25,0.79358541404402,0.00374099751814174
"324",324,7,25,0.35,16,5,7,3,24,133909,19.8972666666667,19,65,19,23,1.1257918813722,0.00530703382348696
"325",325,7,25,0.35,16,5,7,3,25,348763,21.5053333333333,21,64,21,24,0.85003846403678,0.00400711974793203
"326",326,7,25,0.35,16,5,7,3,26,229848,24.9641333333333,24,60,24,28,1.14032560206362,0.00537554643986544
"327",327,7,25,0.35,16,5,7,3,27,268550,23.0226222222222,22,66,22,26,1.19389554693267,0.00562807758176342
"328",328,7,25,0.35,16,5,7,3,28,398205,25.1844,25,64,25,27,0.49202734546655,0.00231943915005742
"329",329,7,25,0.35,16,5,7,3,29,95662,20.4894888888889,20,61,20,23,0.844666162922386,0.00398179447760827
"330",330,7,25,0.35,16,5,7,3,30,1825,22.8212666666667,22,56,22,25,1.04752136123541,0.00493806305311549
"331",331,7,25,0.35,16,5,7,3,31,577613,25.1851333333333,25,64,25,27,0.489691376677288,0.00230842728758057
"332",332,7,25,0.35,16,5,7,3,32,434957,18.3680888888889,17,62,17,22,1.47017109395464,0.00693045300026513
"333",333,7,25,0.35,16,5,7,3,33,482171,24.1696666666667,24,70,24,25,0.457136108431167,0.00215496028131271
"334",334,7,25,0.35,16,5,7,3,34,748424,25.1707777777778,25,63,25,26,0.47274132607682,0.0022285239827736
"335",335,7,25,0.35,16,5,7,3,35,461775,25.6106666666667,24,70,24,29,1.46552249124992,0.0069085392769615
"336",336,7,25,0.35,16,5,7,3,36,242571,23.7266888888889,23,62,23,26,1.00227021406434,0.00472474709964127
"337",337,7,25,0.35,16,5,7,3,37,627214,22.4384444444444,22,65,22,25,0.777718828907665,0.0036662017185138
"338",338,7,25,0.35,16,5,7,3,38,290092,21.6189111111111,21,73,21,24,0.979508562511136,0.00461744764521275
"339",339,7,25,0.35,16,5,7,3,39,37561,23.5148444444444,23,70,23,26,0.854619009133594,0.00402871264459528
"340",340,7,25,0.35,16,5,7,3,40,71984,22.9319777777778,22,62,22,26,1.14167603307051,0.00538191243268208
"341",341,7,25,0.35,16,5,7,3,41,489090,17.8047777777778,17,52,17,21,1.11114762922376,0.0052380001568232
"342",342,7,25,0.35,16,5,7,3,42,586615,23.8906,23,47,23,27,1.08371376126024,0.00510867566301528
"343",343,7,25,0.35,16,5,7,3,43,486514,24.7228,24,63,24,27,0.973757389399472,0.00459033635516584
"344",344,7,25,0.35,16,5,7,3,44,23145,21.4941333333333,21,74,21,24,0.851784750290834,0.00401535182027959
"345",345,7,25,0.35,16,5,7,3,45,817924,24.9695555555556,24,64,24,28,1.14388810244419,0.00539234022771268
"346",346,7,25,0.35,16,5,7,3,46,99913,25.9710444444444,25,58,25,29,1.1364913112403,0.00535747141958406
"347",347,7,25,0.35,16,5,7,3,47,977092,22.5472888888889,22,58,22,25,0.880355285222615,0.00415003461356219
"348",348,7,25,0.35,16,5,7,3,48,783457,21.9103555555556,21,62,21,25,1.14383062712405,0.00539206928645517
"349",349,7,25,0.35,16,5,7,3,49,267561,18.5214,18,72,18,21,0.879117798301902,0.00414420104427375
"350",350,7,25,0.35,16,5,7,3,50,852697,24.7391555555556,24,59,24,27,0.989760773986442,0.00466577703358839
"351",351,8,25,0.45,16,5,7,3,1,622550,23.5075111111111,23,53,23,26,0.848425745728725,0.00399951732092023
"352",352,8,25,0.45,16,5,7,3,2,166146,25.3512666666667,25,58,25,27,0.682462755278628,0.00321716028109849
"353",353,8,25,0.45,16,5,7,3,3,735545,19.8499555555556,19,52,19,23,1.10141437378121,0.00519211715064687
"354",354,8,25,0.45,16,5,7,3,4,864513,25.1774222222222,25,55,25,27,0.500260182039251,0.00235824911385047
"355",355,8,25,0.45,16,5,7,3,5,66437,23.3397333333333,23,53,23,25,0.702134045325275,0.0033098916316763
"356",356,8,25,0.45,16,5,7,3,6,74078,24.1962888888889,24,55,24,26,0.510194745892263,0.00240508109697444
"357",357,8,25,0.45,16,5,7,3,7,457989,21.6980888888889,21,56,21,24,0.995045791917498,0.00469069084704001
"358",358,8,25,0.45,16,5,7,3,8,590359,25.0747555555556,24,43,24,28,1.22105613019754,0.00575611379914721
"359",359,8,25,0.45,16,5,7,3,9,573783,22.4916222222222,22,50,22,25,0.842398048064758,0.00397110248163268
"360",360,8,25,0.45,16,5,7,3,10,429697,25.3687555555556,25,58,25,27,0.708258771630174,0.00333876386836367
"361",361,8,25,0.45,16,5,7,3,11,210265,25.3555777777778,25,59,25,27,0.698918028323273,0.00329473118213945
"362",362,8,25,0.45,16,5,7,3,12,947164,25.3375777777778,25,57,25,27,0.706782310019013,0.00333180376158091
"363",363,8,25,0.45,16,5,7,3,13,244224,24.1161333333333,24,55,24,25,0.390817943937677,0.00184233345578477
"364",364,8,25,0.45,16,5,7,3,14,763611,24.4333777777778,24,49,24,27,0.805576612419207,0.00379752456937939
"365",365,8,25,0.45,16,5,7,3,15,359009,25.2713333333333,25,50,25,27,0.605041524291168,0.00285219309817153
"366",366,8,25,0.45,16,5,7,3,16,586150,25.3359333333333,25,54,25,27,0.689140700275105,0.00324864041570782
"367",367,8,25,0.45,16,5,7,3,17,659119,25.1601333333333,25,54,25,26,0.456564164915798,0.00215226411372489
"368",368,8,25,0.45,16,5,7,3,18,455029,24.3618444444444,24,47,24,26,0.714509893182399,0.003368231937961
"369",369,8,25,0.45,16,5,7,3,19,825330,25.4882888888889,25,59,25,28,0.834459566522118,0.00393368012075851
"370",370,8,25,0.45,16,5,7,3,20,184105,25.3796,25,55,25,27,0.728349783085123,0.00343347380463494
"371",371,8,25,0.45,16,5,7,3,21,409537,25.7330222222222,25,55,25,28,1.02040917950346,0.00481025500274597
"372",372,8,25,0.45,16,5,7,3,22,200714,24.7406444444444,24,54,24,27,1.01053431950871,0.00476370446630895
"373",373,8,25,0.45,16,5,7,3,23,849595,23.8041333333333,23,59,23,27,1.07220210384829,0.00505440918955739
"374",374,8,25,0.45,16,5,7,3,24,443682,25.1231111111111,25,63,25,26,0.39186499950372,0.00184726932305829
"375",375,8,25,0.45,16,5,7,3,25,921112,23.7180222222222,23,56,23,26,1.02857011789577,0.0048487260352663
"376",376,8,25,0.45,16,5,7,3,26,107740,24.1422666666667,24,53,24,25,0.426494514685869,0.00201051442315496
"377",377,8,25,0.45,16,5,7,3,27,942007,25.3212222222222,25,52,25,27,0.669430619011102,0.00315572620157772
"378",378,8,25,0.45,16,5,7,3,28,318449,25.0476444444444,24,60,24,28,1.19355002569622,0.00562644877903449
"379",379,8,25,0.45,16,5,7,3,29,441312,19.9067777777778,19,47,19,23,1.13610664127858,0.00535565806799437
"380",380,8,25,0.45,16,5,7,3,30,812721,24.3138888888889,24,49,24,26,0.657398097159511,0.00309900434960416
"381",381,8,25,0.45,16,5,7,3,31,558213,25.6788444444444,25,54,25,28,1.01016698672879,0.00476197284297804
"382",382,8,25,0.45,16,5,7,3,32,21448,25.1191777777778,24,65,24,28,1.22937527894233,0.00579533064242151
"383",383,8,25,0.45,16,5,7,3,33,975561,25.8087555555556,25,52,25,29,1.06147985850574,0.00500386404028229
"384",384,8,25,0.45,16,5,7,3,34,712966,24.6322222222222,24,61,24,27,0.943682718747867,0.00444856299810116
"385",385,8,25,0.45,16,5,7,3,35,486713,25.9326222222222,25,51,25,29,1.13393117935102,0.00534540284211975
"386",386,8,25,0.45,16,5,7,3,36,84831,24.3262444444444,24,54,24,26,0.677575160557595,0.0031941199386256
"387",387,8,25,0.45,16,5,7,3,37,866997,25.2227777777778,25,50,25,27,0.544710922065118,0.00256779191185748
"388",388,8,25,0.45,16,5,7,3,38,63455,25.5054888888889,25,51,25,28,0.83819046904238,0.00395126776390533
"389",389,8,25,0.45,16,5,7,3,39,913181,24.2527111111111,24,58,24,26,0.571673878583622,0.00269489650782463
"390",390,8,25,0.45,16,5,7,3,40,130327,22.35,22,50,22,24,0.709271975208614,0.00334354015583725
"391",391,8,25,0.45,16,5,7,3,41,360245,24.2183111111111,24,57,24,26,0.542946824400544,0.00255947587571551
"392",392,8,25,0.45,16,5,7,3,42,722803,25.2898222222222,24,58,24,29,1.33389919546536,0.00628806111021892
"393",393,8,25,0.45,16,5,7,3,43,594934,25.4291555555556,25,53,25,27,0.755111737204012,0.00355963086620341
"394",394,8,25,0.45,16,5,7,3,44,780425,24.5583777777778,24,45,24,27,0.906807144472358,0.00427472987389876
"395",395,8,25,0.45,16,5,7,3,45,880357,23.7376888888889,23,50,23,26,1.0136480555874,0.00477838275894938
"396",396,8,25,0.45,16,5,7,3,46,800806,25.1383777777778,25,49,25,26,0.422992001500714,0.00199400341765884
"397",397,8,25,0.45,16,5,7,3,47,446997,23.4108,23,50,23,26,0.783702967971667,0.00369441122059193
"398",398,8,25,0.45,16,5,7,3,48,125275,23.7758444444444,23,53,23,26,1.03789338067047,0.00489267631747145
"399",399,8,25,0.45,16,5,7,3,49,449694,25.4228666666667,25,58,25,27,0.75825596897844,0.00357445291693221
"400",400,8,25,0.45,16,5,7,3,50,684380,25.2491777777778,25,53,25,27,0.594443211763183,0.00280223217378705
"401",401,9,25,0.55,16,5,7,3,1,783561,25.2488666666667,25,46,25,27,0.585914015216742,0.00276202515567998
"402",402,9,25,0.55,16,5,7,3,2,615237,21.5472222222222,21,41,21,24,0.883080877252582,0.00416288317760977
"403",403,9,25,0.55,16,5,7,3,3,490358,24.1652,23,41,23,27,1.26061265832023,0.00594258506098558
"404",404,9,25,0.55,16,5,7,3,4,867131,25.3207333333333,25,37,25,27,0.693755273795849,0.00327039372389983
"405",405,9,25,0.55,16,5,7,3,5,28981,25.0771111111111,25,37,25,26,0.330472175877132,0.00155786077704129
"406",406,9,25,0.55,16,5,7,3,6,681701,25.3631777777778,25,60,25,28,0.760236272293284,0.00358378815628376
"407",407,9,25,0.55,16,5,7,3,7,224360,23.5566222222222,23,54,23,26,0.897385484845172,0.00423031574448266
"408",408,9,25,0.55,16,5,7,3,8,737618,24.0446222222222,24,46,24,25,0.234589646928903,0.00110586620093057
"409",409,9,25,0.55,16,5,7,3,9,383512,25.0051111111111,25,50,25,25,0.0752521845139865,0.000354742199792941
"410",410,9,25,0.55,16,5,7,3,10,988468,25.1088666666667,24,57,24,28,1.25101938211732,0.00589736192327309
"411",411,9,25,0.55,16,5,7,3,11,150417,25.1825555555556,25,46,25,27,0.508102445470863,0.00239521789819943
"412",412,9,25,0.55,16,5,7,3,12,778225,25.1629555555556,25,41,25,27,0.490040521018945,0.00231007316979123
"413",413,9,25,0.55,16,5,7,3,13,787228,25.1759111111111,25,46,25,27,0.506792626518552,0.00238904335244406
"414",414,9,25,0.55,16,5,7,3,14,196953,25.2224,25,39,25,27,0.561001792887046,0.00264458781338828
"415",415,9,25,0.55,16,5,7,3,15,47272,25.0172,25,39,25,25,0.147174036070444,0.000693785059466696
"416",416,9,25,0.55,16,5,7,3,16,558350,24.8812666666667,24,45,24,28,1.13689538589498,0.00535937624577359
"417",417,9,25,0.55,16,5,7,3,17,124991,25.1127555555556,25,46,25,26,0.404805637277257,0.00190827207454194
"418",418,9,25,0.55,16,5,7,3,18,396441,25.3573333333333,25,38,25,27,0.721181131543164,0.00339968045718639
"419",419,9,25,0.55,16,5,7,3,19,888153,25.5789333333333,25,41,25,28,0.883483123682492,0.00416477938546509
"420",420,9,25,0.55,16,5,7,3,20,439549,25.1069555555556,25,46,25,26,0.393964976433009,0.00185716870923853
"421",421,9,25,0.55,16,5,7,3,21,308430,25.1795555555556,25,43,25,27,0.510760913579424,0.00240775003704698
"422",422,9,25,0.55,16,5,7,3,22,362064,25.0675333333333,25,49,25,26,0.308971831279614,0.00145650718062294
"423",423,9,25,0.55,16,5,7,3,23,219297,25.0872222222222,25,34,25,26,0.340938867674064,0.00160720123534929
"424",424,9,25,0.55,16,5,7,3,24,914986,25.029,25,41,25,26,0.184100750984437,0.000867859262950875
"425",425,9,25,0.55,16,5,7,3,25,788583,24.2578888888889,24,42,24,26,0.609746235648101,0.00287437132019829
"426",426,9,25,0.55,16,5,7,3,26,308703,24.1664,24,40,24,25,0.467813249758601,0.00220529280822149
"427",427,9,25,0.55,16,5,7,3,27,959624,24.5841777777778,24,41,24,27,0.928583112350021,0.00437738277092006
"428",428,9,25,0.55,16,5,7,3,28,517682,25.4812222222222,25,54,25,28,0.854073405889687,0.00402614064623792
"429",429,9,25,0.55,16,5,7,3,29,478138,24.3075777777778,24,44,24,26,0.697651659268681,0.00328876146116621
"430",430,9,25,0.55,16,5,7,3,30,203667,24.2061333333333,24,51,24,26,0.519191182074656,0.00244749070384833
"431",431,9,25,0.55,16,5,7,3,31,557218,22.7423777777778,22,53,22,25,1.01470756826483,0.00478337734960917
"432",432,9,25,0.55,16,5,7,3,32,46144,22.8130888888889,22,44,22,26,1.11620524355803,0.00526184197943911
"433",433,9,25,0.55,16,5,7,3,33,462648,24.4306444444444,23,43,23,28,1.4090306098589,0.0066422339942043
"434",434,9,25,0.55,16,5,7,3,34,640995,24.6527111111111,24,49,24,27,0.970309352098978,0.00457408215145275
"435",435,9,25,0.55,16,5,7,3,35,308347,24.4085777777778,24,44,24,27,0.814023636187796,0.00383734422129681
"436",436,9,25,0.55,16,5,7,3,36,923839,25.0601777777778,25,42,25,26,0.291780881022436,0.00137546826394367
"437",437,9,25,0.55,16,5,7,3,37,904204,24.1266444444444,24,42,24,25,0.434957022109904,0.00205040706572413
"438",438,9,25,0.55,16,5,7,3,38,414980,25.7241111111111,25,48,25,28,1.04741943770735,0.00493758258099644
"439",439,9,25,0.55,16,5,7,3,39,534347,21.6642,21,42,21,24,0.982148334750028,0.00462989165088547
"440",440,9,25,0.55,16,5,7,3,40,533696,25.1940888888889,25,53,25,27,0.553396259310818,0.00260873498427965
"441",441,9,25,0.55,16,5,7,3,41,603571,25.1448222222222,25,35,25,26,0.456055590287929,0.00214986666993752
"442",442,9,25,0.55,16,5,7,3,42,187571,24.2152888888889,24,44,24,26,0.547369078356792,0.00258032258078612
"443",443,9,25,0.55,16,5,7,3,43,995790,25.1098,25,45,25,26,0.372994409395978,0.00175831250819045
"444",444,9,25,0.55,16,5,7,3,44,793684,25.3239555555556,25,54,25,27,0.696465058143836,0.00328316776981993
"445",445,9,25,0.55,16,5,7,3,45,896592,25.1411333333333,25,44,25,26,0.442790601714901,0.00208733491412185
"446",446,9,25,0.55,16,5,7,3,46,48764,25.2934,25,47,25,27,0.633747959654421,0.00298751653223186
"447",447,9,25,0.55,16,5,7,3,47,259143,25.6248666666667,25,41,25,28,0.998057784113619,0.0047048895144184
"448",448,9,25,0.55,16,5,7,3,48,960004,25.1017111111111,25,36,25,26,0.355390068845971,0.00167532485098227
"449",449,9,25,0.55,16,5,7,3,49,131552,23.9903111111111,23,32,23,27,1.198565922766,0.00565009394457965
"450",450,9,25,0.55,16,5,7,3,50,871673,25.0716444444444,25,46,25,26,0.30844100631565,0.00145400484774533
"451",451,10,25,0.65,16,5,7,3,1,684410,25.2156666666667,25,42,25,27,0.550035504693539,0.00259289223508111
"452",452,10,25,0.65,16,5,7,3,2,115224,25.0192222222222,25,40,25,25,0.169993573446684,0.000801357390281891
"453",453,10,25,0.65,16,5,7,3,3,132998,25.0812222222222,25,42,25,26,0.33113415970669,0.00156098139874073
"454",454,10,25,0.65,16,5,7,3,4,537792,25.0669777777778,25,38,25,26,0.308984877351347,0.00145656868039487
"455",455,10,25,0.65,16,5,7,3,5,453077,25.4268888888889,25,38,25,28,0.799945892029575,0.00377098109890956
"456",456,10,25,0.65,16,5,7,3,6,340176,24.0836222222222,24,39,24,25,0.346552855569744,0.00163366582808619
"457",457,10,25,0.65,16,5,7,3,7,871889,25.3313111111111,25,41,25,27,0.718857108347637,0.00338872490677844
"458",458,10,25,0.65,16,5,7,3,8,351116,25.0768888888889,25,39,25,26,0.324416388489908,0.00152931352152842
"459",459,10,25,0.65,16,5,7,3,9,567916,25.2518,25,42,25,27,0.639900403231733,0.00301651942939443
"460",460,10,25,0.65,16,5,7,3,10,613712,25.1192,25,47,25,26,0.469534797265119,0.00221340826099478
"461",461,10,25,0.65,16,5,7,3,11,933315,25.0546888888889,25,38,25,26,0.280891024508007,0.00132413298802699
"462",462,10,25,0.65,16,5,7,3,12,29932,25.3348888888889,25,45,25,27,0.744099427770881,0.00350771834169213
"463",463,10,25,0.65,16,5,7,3,13,519820,25.1165111111111,25,41,25,26,0.403713188312442,0.00190312222073446
"464",464,10,25,0.65,16,5,7,3,14,774158,25.0201555555556,25,34,25,25,0.166982819766533,0.000787164561323777
"465",465,10,25,0.65,16,5,7,3,15,232276,25.0127777777778,25,41,25,25,0.130611369005534,0.000615707898159144
"466",466,10,25,0.65,16,5,7,3,16,37735,25.0064666666667,25,47,25,25,0.0823441262231083,0.000388173933621606
"467",467,10,25,0.65,16,5,7,3,17,69487,25.359,25,31,25,27,0.727795525104963,0.00343086100745962
"468",468,10,25,0.65,16,5,7,3,18,909536,25.1493555555556,25,41,25,26,0.453465347002197,0.0021376561459891
"469",469,10,25,0.65,16,5,7,3,19,367474,25.0974666666667,25,37,25,26,0.401737133313267,0.00189380700813504
"470",470,10,25,0.65,16,5,7,3,20,55700,25.0219333333333,25,34,25,25,0.164342380306614,0.000774717410340967
"471",471,10,25,0.65,16,5,7,3,21,473455,25.3499777777778,25,37,25,27,0.734449747077645,0.00346222931066232
"472",472,10,25,0.65,16,5,7,3,22,785873,25.0105333333333,25,34,25,25,0.109647842624507,0.000516884887081763
"473",473,10,25,0.65,16,5,7,3,23,104622,25.0732444444444,25,49,25,26,0.322169386235272,0.00151872105131779
"474",474,10,25,0.65,16,5,7,3,24,334294,25.3813777777778,25,39,25,27,0.735381010285871,0.00346661932752636
"475",475,10,25,0.65,16,5,7,3,25,518746,25.2311555555556,25,42,25,27,0.560591635369728,0.00264265431230927
"476",476,10,25,0.65,16,5,7,3,26,41418,25.1789333333333,25,46,25,27,0.516516012202932,0.00243487983213418
"477",477,10,25,0.65,16,5,7,3,27,308985,25.1435555555556,25,38,25,26,0.439515498019862,0.00207189592724284
"478",478,10,25,0.65,16,5,7,3,28,855480,25.0574888888889,25,33,25,26,0.302961971592354,0.001428176430364
"479",479,10,25,0.65,16,5,7,3,29,46715,25.0925111111111,25,39,25,26,0.367333066485873,0.00173162468177473
"480",480,10,25,0.65,16,5,7,3,30,212074,25.0864444444444,25,38,25,26,0.353014187002522,0.0016641248365636
"481",481,10,25,0.65,16,5,7,3,31,466907,25.0387777777778,25,40,25,26,0.229268660546554,0.0010807828305735
"482",482,10,25,0.65,16,5,7,3,32,947992,25.0198,25,45,25,25,0.150508829782164,0.000709505427782801
"483",483,10,25,0.65,16,5,7,3,33,811058,25.7220888888889,25,35,25,28,1.0254266878214,0.00483390776378782
"484",484,10,25,0.65,16,5,7,3,34,777815,24.0624666666667,24,37,24,25,0.290955928520391,0.00137157940055465
"485",485,10,25,0.65,16,5,7,3,35,719573,25.1550222222222,25,44,25,27,0.481866675273716,0.00227154129142574
"486",486,10,25,0.65,16,5,7,3,36,146448,25.0760666666667,25,34,25,26,0.312151004705868,0.00147149394787809
"487",487,10,25,0.65,16,5,7,3,37,393382,25.0466666666667,25,41,25,26,0.262469845481546,0.00123729471731324
"488",488,10,25,0.65,16,5,7,3,38,989902,24.2179555555556,24,34,24,26,0.56632563533784,0.00266968464738111
"489",489,10,25,0.65,16,5,7,3,39,854269,25.2050666666667,25,49,25,27,0.565684733540154,0.00266666340733299
"490",490,10,25,0.65,16,5,7,3,40,301525,24.4764222222222,24,38,24,27,0.816274059112738,0.0038479528167019
"491",491,10,25,0.65,16,5,7,3,41,403801,25.2276,25,32,25,27,0.556840908295222,0.00262497321531752
"492",492,10,25,0.65,16,5,7,3,42,599598,25.0078,25,40,25,25,0.0919263776023327,0.000433345099816831
"493",493,10,25,0.65,16,5,7,3,43,640431,25.1542666666667,25,36,25,27,0.465075790609349,0.00219238830203711
"494",494,10,25,0.65,16,5,7,3,44,377047,24.0398,24,33,24,25,0.228705074811851,0.00107812606194158
"495",495,10,25,0.65,16,5,7,3,45,9041,25.4026222222222,25,39,25,28,0.770942928148183,0.00363425981600929
"496",496,10,25,0.65,16,5,7,3,46,701350,25.1889333333333,25,34,25,27,0.550110926632713,0.00259324777751204
"497",497,10,25,0.65,16,5,7,3,47,651142,25.0246,25,34,25,25,0.181340728063662,0.000854848390127474
"498",498,10,25,0.65,16,5,7,3,48,654656,25.0198444444444,25,39,25,25,0.189813647813499,0.000894790116871199
"499",499,10,25,0.65,16,5,7,3,49,229831,25.0274,25,33,25,25,0.195916886200149,0.000923561058540524
"500",500,10,25,0.65,16,5,7,3,50,493327,25.2800666666667,25,45,25,27,0.650943648826395,0.00306857778836972
"501",501,11,50,0.25,16,5,7,3,1,127610,31.8980222222222,31,93,31,35,1.07072322833172,0.0050474377035154
"502",502,11,50,0.25,16,5,7,3,2,918397,35.1045555555556,34,94,34,38,1.19205226488433,0.0056193882668566
"503",503,11,50,0.25,16,5,7,3,3,645275,39.9789777777778,39,94,39,43,1.11492257857898,0.00525579543874125
"504",504,11,50,0.25,16,5,7,3,4,111618,31.5184,31,96,31,34,0.807264468242687,0.00380548119803571
"505",505,11,50,0.25,16,5,7,3,5,29157,31.1546,30,92,30,34,1.22546090698275,0.00577687811604348
"506",506,11,50,0.25,16,5,7,3,6,245255,37.9232444444444,37,93,37,41,1.06995359309336,0.00504380960820817
"507",507,11,50,0.25,16,5,7,3,7,596864,33.8645333333333,33,95,33,36,1.04614944363348,0.00493159577151843
"508",508,11,50,0.25,16,5,7,3,8,70285,20.9409555555556,20,98,20,24,1.10800467894599,0.00522318414712757
"509",509,11,50,0.25,16,5,7,3,9,401759,43.0499333333333,42,95,42,46,1.13793277179857,0.00536426652982116
"510",510,11,50,0.25,16,5,7,3,10,303362,32.4469555555556,31,98,31,36,1.38826278479953,0.00654433352800446
"511",511,11,50,0.25,16,5,7,3,11,128581,40.0452,39,103,39,43,1.13905770659064,0.00536956952328693
"512",512,11,50,0.25,16,5,7,3,12,366295,42.9560444444444,42,93,42,46,1.08979349278219,0.00513733579226172
"513",513,11,50,0.25,16,5,7,3,13,831922,27.0326222222222,26,86,26,30,1.16850784230103,0.00550839879440479
"514",514,11,50,0.25,16,5,7,3,14,659462,30.6143555555556,30,95,30,33,0.902445328829553,0.00425416807777001
"515",515,11,50,0.25,16,5,7,3,15,64796,41.4743777777778,41,93,41,43,0.754085556931999,0.00355479340600967
"516",516,11,50,0.25,16,5,7,3,16,243069,37.7499333333333,37,100,37,40,0.976455645754107,0.00460305605760412
"517",517,11,50,0.25,16,5,7,3,17,596276,34.6424,34,99,34,37,0.91319140890675,0.00430482558506174
"518",518,11,50,0.25,16,5,7,3,18,962493,39.7771777777778,38,94,38,43,1.50664477532958,0.00710239158316554
"519",519,11,50,0.25,16,5,7,3,19,629662,37.1088888888889,36,99,36,40,1.16517811785238,0.00549270232282398
"520",520,11,50,0.25,16,5,7,3,20,117103,39.4571555555556,38,95,38,43,1.36425198955001,0.00643114555372033
"521",521,11,50,0.25,16,5,7,3,21,81540,35.7575333333333,35,102,35,38,0.974205035177692,0.0045924465776015
"522",522,11,50,0.25,16,5,7,3,22,554964,21.6749111111111,21,98,21,24,0.982991363322122,0.00463386572568588
"523",523,11,50,0.25,16,5,7,3,23,427167,41.9250222222222,41,95,41,45,1.06804250531907,0.00503480065404391
"524",524,11,50,0.25,16,5,7,3,24,949680,39.2648666666667,38,98,38,42,1.27672919113585,0.00601855912527315
"525",525,11,50,0.25,16,5,7,3,25,814574,32.9713555555556,32,101,32,36,1.1063182308012,0.00521523415433219
"526",526,11,50,0.25,16,5,7,3,26,516525,28.1363111111111,27,103,27,31,1.22637108422896,0.00578116873272929
"527",527,11,50,0.25,16,5,7,3,27,986019,35.7708222222222,35,96,35,38,1.00940585910686,0.00475838485295927
"528",528,11,50,0.25,16,5,7,3,28,517317,38.5268666666667,37,96,37,42,1.38586065364733,0.00653300977315766
"529",529,11,50,0.25,16,5,7,3,29,444818,32.6471333333333,32,98,32,35,0.90983097322036,0.00428898433931782
"530",530,11,50,0.25,16,5,7,3,30,366785,28.3913777777778,28,87,28,30,0.695981145458739,0.0032808865835457
"531",531,11,50,0.25,16,5,7,3,31,258684,35.5249111111111,34,99,34,39,1.38418038804992,0.00652508892517016
"532",532,11,50,0.25,16,5,7,3,32,954055,28.3652,27,91,27,32,1.3353991204531,0.00629513182441958
"533",533,11,50,0.25,16,5,7,3,33,653225,35.3812,35,103,35,37,0.693515619689752,0.00326926398360943
"534",534,11,50,0.25,16,5,7,3,34,70015,31.6042444444444,30,96,30,35,1.43628418902066,0.00677070859845019
"535",535,11,50,0.25,16,5,7,3,35,617012,35.1579333333333,34,99,34,38,1.2184147472524,0.00574366220053246
"536",536,11,50,0.25,16,5,7,3,36,447383,36.5374222222222,35,98,35,40,1.41055521490883,0.00664942105133387
"537",537,11,50,0.25,16,5,7,3,37,935617,30.3986888888889,30,102,30,32,0.70708513731981,0.00333323130316706
"538",538,11,50,0.25,16,5,7,3,38,498349,36.2052444444444,35,99,35,39,1.23748754145492,0.00583357221464428
"539",539,11,50,0.25,16,5,7,3,39,267150,35.3354222222222,34,92,34,39,1.30335324543579,0.00614406612086094
"540",540,11,50,0.25,16,5,7,3,40,667546,36.5296888888889,36,97,36,39,0.819390112551212,0.00386264203348114
"541",541,11,50,0.25,16,5,7,3,41,543231,37.6391111111111,36,98,36,41,1.42641118501654,0.0067241668112369
"542",542,11,50,0.25,16,5,7,3,42,638954,42.8843555555556,42,105,42,46,1.05923775838771,0.00499329467896525
"543",543,11,50,0.25,16,5,7,3,43,645466,39.1810444444444,38,94,38,42,1.26228737950454,0.00595047977235904
"544",544,11,50,0.25,16,5,7,3,44,991104,31.4816888888889,30,97,30,35,1.38042519390191,0.00650738677019196
"545",545,11,50,0.25,16,5,7,3,45,884242,39.0359555555556,38,100,38,42,1.16513405474293,0.00549249460733403
"546",546,11,50,0.25,16,5,7,3,46,141579,36.8655333333333,35,99,35,41,1.53674767532979,0.0072442980146557
"547",547,11,50,0.25,16,5,7,3,47,946745,34.1491111111111,33,95,33,37,1.21723681718439,0.00573810938494009
"548",548,11,50,0.25,16,5,7,3,48,42508,25.7726666666667,25,96,25,28,1.03986603112947,0.00490197548091458
"549",549,11,50,0.25,16,5,7,3,49,117786,31.6101333333333,31,97,31,34,0.908466406291533,0.00428255170912611
"550",550,11,50,0.25,16,5,7,3,50,537745,39.9829555555556,39,91,39,43,1.10259434089073,0.00519767956894497
"551",551,12,50,0.35,16,5,7,3,1,404088,44.7760666666667,44,92,44,47,0.975333277227176,0.00459776516162824
"552",552,12,50,0.35,16,5,7,3,2,537017,32.5743555555556,31,89,31,36,1.44276961967281,0.00680128121173718
"553",553,12,50,0.35,16,5,7,3,3,276340,48.7722888888889,48,83,48,51,0.983470176444754,0.00463612287239211
"554",554,12,50,0.35,16,5,7,3,4,155527,45.2848888888889,45,85,45,47,0.589502086645154,0.00277893948660272
"555",555,12,50,0.35,16,5,7,3,5,568633,48.0367555555556,47,89,47,51,1.12438102027333,0.00530038296048479
"556",556,12,50,0.35,16,5,7,3,6,624232,42.5260888888889,42,95,42,45,0.818807290987245,0.00385989458628045
"557",557,12,50,0.35,16,5,7,3,7,204195,46.1567111111111,45,88,45,49,1.1980939368989,0.00564786898186468
"558",558,12,50,0.35,16,5,7,3,8,790510,47.3592444444444,47,85,47,49,0.650279891449287,0.00306544880608695
"559",559,12,50,0.35,16,5,7,3,9,724241,45.2258888888889,45,90,45,47,0.505329261243635,0.00238214498238242
"560",560,12,50,0.35,16,5,7,3,10,413521,49.0041111111111,48,87,48,52,1.09876139074908,0.00517961086869757
"561",561,12,50,0.35,16,5,7,3,11,790620,39.9747777777778,39,82,39,43,1.10336445264164,0.0052013099105539
"562",562,12,50,0.35,16,5,7,3,12,535545,41.8394444444444,41,87,41,44,1.00948837622379,0.00475877384237894
"563",563,12,50,0.35,16,5,7,3,13,803074,43.5373111111111,43,92,43,46,0.80324342296911,0.00378652580883302
"564",564,12,50,0.35,16,5,7,3,14,523509,45.0077777777778,44,93,44,48,1.14090197684988,0.00537826349666459
"565",565,12,50,0.35,16,5,7,3,15,450664,45.4808,45,91,45,47,0.769675308166877,0.00362828419811096
"566",566,12,50,0.35,16,5,7,3,16,689058,39.9180444444444,39,86,39,43,1.0886784356564,0.00513207936256137
"567",567,12,50,0.35,16,5,7,3,17,897775,48.5594888888889,48,95,48,51,0.824505616906368,0.0038867567522726
"568",568,12,50,0.35,16,5,7,3,18,425552,43.7070666666667,43,86,43,46,0.930536508307538,0.00438659116777275
"569",569,12,50,0.35,16,5,7,3,19,777107,47.6465777777778,47,92,47,50,0.889743591297029,0.00419429151282267
"570",570,12,50,0.35,16,5,7,3,20,45408,41.6401333333333,41,90,41,44,0.899371732186328,0.00423967900424296
"571",571,12,50,0.35,16,5,7,3,21,839829,30.8867777777778,29,88,29,35,1.59981035105857,0.00754157831897299
"572",572,12,50,0.35,16,5,7,3,22,639994,41.4433333333333,41,93,41,43,0.734424027969505,0.00346210806962384
"573",573,12,50,0.35,16,5,7,3,23,253530,40.4765555555556,40,85,40,43,0.774709498040215,0.00365201559675908
"574",574,12,50,0.35,16,5,7,3,24,854072,46.5028222222222,46,93,46,49,0.793449167164877,0.00374035524419402
"575",575,12,50,0.35,16,5,7,3,25,37608,37.9508444444444,36,86,36,42,1.57187601083903,0.0074098945763249
"576",576,12,50,0.35,16,5,7,3,26,51502,46.7385555555556,46,83,46,49,0.967724049291219,0.00456189491714084
"577",577,12,50,0.35,16,5,7,3,27,871863,47.8248444444444,47,94,47,50,1.00477121194937,0.00473653691673618
"578",578,12,50,0.35,16,5,7,3,28,741803,45.0856,44,95,44,48,1.15790624785409,0.00545842239890597
"579",579,12,50,0.35,16,5,7,3,29,57642,46.4745111111111,46,85,46,48,0.762821460704715,0.00359597485132621
"580",580,12,50,0.35,16,5,7,3,30,182608,42.7592222222222,42,85,42,45,0.964539073724998,0.00454688079833558
"581",581,12,50,0.35,16,5,7,3,31,673360,46.9841777777778,46,87,46,50,1.11041501350001,0.00523454657318138
"582",582,12,50,0.35,16,5,7,3,32,12106,46.6264666666667,46,97,46,49,0.875963539476165,0.00412933172557178
"583",583,12,50,0.35,16,5,7,3,33,289957,29.7794444444444,29,96,29,32,1.0200983254537,0.00480878962270234
"584",584,12,50,0.35,16,5,7,3,34,275554,42.9807555555556,42,89,42,46,1.0898982846464,0.00513782978584702
"585",585,12,50,0.35,16,5,7,3,35,726431,33.0640444444444,32,85,32,36,1.18311099942058,0.00557723873724456
"586",586,12,50,0.35,16,5,7,3,36,253255,43.3646888888889,42,85,42,47,1.33138076379526,0.00627618910947304
"587",587,12,50,0.35,16,5,7,3,37,103520,48.3370444444444,48,91,48,50,0.633709511068764,0.0029873352838609
"588",588,12,50,0.35,16,5,7,3,38,972184,38.8258,38,86,38,42,1.04290762194835,0.00491631367753874
"589",589,12,50,0.35,16,5,7,3,39,480654,47.7314444444444,47,91,47,50,0.952848525112674,0.00449177102367181
"590",590,12,50,0.35,16,5,7,3,40,55789,41.3966666666667,41,96,41,43,0.70294608823157,0.00331371963864733
"591",591,12,50,0.35,16,5,7,3,41,296486,49.9642666666667,49,90,49,53,1.09027753352682,0.00513961758221441
"592",592,12,50,0.35,16,5,7,3,42,741676,43.3941777777778,42,80,42,47,1.33576327611102,0.00629684847065372
"593",593,12,50,0.35,16,5,7,3,43,977681,46.7302444444444,46,94,46,49,0.954537100753703,0.0044997310455806
"594",594,12,50,0.35,16,5,7,3,44,736741,44.4442666666667,44,91,44,46,0.749352050900512,0.00353247944458533
"595",595,12,50,0.35,16,5,7,3,45,333043,40.2248666666667,39,93,39,43,1.25559327025966,0.00591892343875198
"596",596,12,50,0.35,16,5,7,3,46,668391,47.0572444444444,46,85,46,50,1.14652957359904,0.00540479224215203
"597",597,12,50,0.35,16,5,7,3,47,5309,42.5465555555556,42,94,42,45,0.837471956019865,0.00394788066103472
"598",598,12,50,0.35,16,5,7,3,48,23794,47.3123777777778,46,98,46,50,1.26650445988884,0.00597035927993604
"599",599,12,50,0.35,16,5,7,3,49,827375,46.5378222222222,46,89,46,49,0.808156746279999,0.00380968743704162
"600",600,12,50,0.35,16,5,7,3,50,605420,37.9128888888889,37,88,37,41,1.07250148618268,0.00505582049141614
"601",601,13,50,0.45,16,5,7,3,1,786916,50.3195777777778,50,82,50,52,0.622067144380731,0.00293245264096644
"602",602,13,50,0.45,16,5,7,3,2,537453,48.9765555555556,48,76,48,52,1.10304107721163,0.00519978550415774
"603",603,13,50,0.45,16,5,7,3,3,784000,45.3575333333333,45,80,45,47,0.661128383745712,0.00311658908920997
"604",604,13,50,0.45,16,5,7,3,4,127314,36.6512444444444,35,71,35,40,1.45006308670475,0.00683566294504816
"605",605,13,50,0.45,16,5,7,3,5,486535,49.6456222222222,49,91,49,52,0.879071610591719,0.00414398331331989
"606",606,13,50,0.45,16,5,7,3,6,554083,46.4911777777778,46,78,46,49,0.791778932273612,0.00373248168140877
"607",607,13,50,0.45,16,5,7,3,7,608225,46.2618666666667,46,78,46,48,0.556745965730439,0.00262452565177498
"608",608,13,50,0.45,16,5,7,3,8,245238,50.5088666666667,50,78,50,53,0.779245638404576,0.00367339916750611
"609",609,13,50,0.45,16,5,7,3,9,249791,50.4428666666667,50,83,50,52,0.721689853919185,0.00340207859746523
"610",610,13,50,0.45,16,5,7,3,10,537654,49.6461111111111,49,89,49,52,0.88857075004279,0.00418876268612849
"611",611,13,50,0.45,16,5,7,3,11,697585,42.3877777777778,42,82,42,44,0.699329311066652,0.00329666998758497
"612",612,13,50,0.45,16,5,7,3,12,739982,47.6559555555556,47,79,47,50,0.890995670077959,0.00420019386879984
"613",613,13,50,0.45,16,5,7,3,13,677320,45.6429333333333,45,82,45,48,0.907909406879234,0.00427992598871575
"614",614,13,50,0.45,16,5,7,3,14,579266,48.4342888888889,48,75,48,50,0.740723983927809,0.00349180634681913
"615",615,13,50,0.45,16,5,7,3,15,632424,40.4173555555556,39,77,39,44,1.33538532570673,0.00629506679536157
"616",616,13,50,0.45,16,5,7,3,16,899128,47.2104666666667,46,77,46,50,1.2461070310971,0.00587420487848662
"617",617,13,50,0.45,16,5,7,3,17,477431,50.1034444444444,50,80,50,51,0.347421831753091,0.00163776222109908
"618",618,13,50,0.45,16,5,7,3,18,182869,48.3546888888889,48,80,48,50,0.657879479841684,0.00310127360933022
"619",619,13,50,0.45,16,5,7,3,19,695079,46.6770888888889,46,77,46,49,0.934946852560336,0.00440738172996289
"620",620,13,50,0.45,16,5,7,3,20,388175,46.6804888888889,46,79,46,49,0.940838330913321,0.00443515442526028
"621",621,13,50,0.45,16,5,7,3,21,946192,45.5801777777778,45,85,45,48,0.884452132155543,0.0041693473352139
"622",622,13,50,0.45,16,5,7,3,22,710042,49.2192888888889,49,81,49,51,0.511649164289398,0.00241193729104975
"623",623,13,50,0.45,16,5,7,3,23,177984,41.6576,40,80,40,45,1.42178543680377,0.0067023608250415
"624",624,13,50,0.45,16,5,7,3,24,728814,49.0843333333333,48,82,48,52,1.19688844316276,0.00564218622989463
"625",625,13,50,0.45,16,5,7,3,25,109599,49.6045555555556,49,84,49,52,0.871790317927801,0.00410965897053016
"626",626,13,50,0.45,16,5,7,3,26,844059,50.2148666666667,50,78,50,52,0.500748438706145,0.00236055077785127
"627",627,13,50,0.45,16,5,7,3,27,281283,50.3669333333333,50,88,50,52,0.661204859696238,0.00311694960029806
"628",628,13,50,0.45,16,5,7,3,28,416052,50.0250444444444,50,89,50,50,0.170672137938979,0.000804556173975051
"629",629,13,50,0.45,16,5,7,3,29,323104,49.6149333333333,49,86,49,52,0.877905784853516,0.00413848755808546
"630",630,13,50,0.45,16,5,7,3,30,742054,47.9531555555556,47,76,47,51,1.08273752058433,0.00510407362033526
"631",631,13,50,0.45,16,5,7,3,31,385808,37.7587333333333,37,92,37,40,0.974662537235455,0.00459460326298451
"632",632,13,50,0.45,16,5,7,3,32,33968,49.0911555555556,49,90,49,50,0.322978644850163,0.00152253593301328
"633",633,13,50,0.45,16,5,7,3,33,20410,50.1851111111111,50,92,50,51,0.460536801246105,0.00217099130098055
"634",634,13,50,0.45,16,5,7,3,34,662821,48.0743333333333,48,83,48,49,0.286140481285952,0.00134887916459519
"635",635,13,50,0.45,16,5,7,3,35,954414,47.1839333333333,46,80,46,50,1.21836017482074,0.00574340494362251
"636",636,13,50,0.45,16,5,7,3,36,782006,50.5574,50,84,50,53,0.829275768343813,0.0039092434617973
"637",637,13,50,0.45,16,5,7,3,37,56253,49.6382666666667,49,83,49,52,0.880334277273756,0.00414993558114154
"638",638,13,50,0.45,16,5,7,3,38,316234,46.3042222222222,46,73,46,48,0.603610656772186,0.00284544792400052
"639",639,13,50,0.45,16,5,7,3,39,742787,50.1191333333333,50,85,50,51,0.367528117652008,0.00173254416178975
"640",640,13,50,0.45,16,5,7,3,40,960807,45.2314666666667,44,85,44,48,1.26106333862203,0.00594470958830255
"641",641,13,50,0.45,16,5,7,3,41,707947,46.5868888888889,46,83,46,49,0.847230550336407,0.00399388311580856
"642",642,13,50,0.45,16,5,7,3,42,326863,47.2658444444444,46,80,46,50,1.29321627751597,0.00609627999581577
"643",643,13,50,0.45,16,5,7,3,43,718029,49.1678666666667,49,80,49,50,0.441566156630658,0.00208156282464013
"644",644,13,50,0.45,16,5,7,3,44,464631,50.0910666666667,50,88,50,51,0.321417420158411,0.00151517624923665
"645",645,13,50,0.45,16,5,7,3,45,565021,48.1388888888889,48,90,48,49,0.398890225998104,0.00188038655834863
"646",646,13,50,0.45,16,5,7,3,46,513267,50.1460888888889,50,82,50,51,0.407315808423124,0.00192010513480314
"647",647,13,50,0.45,16,5,7,3,47,192380,50.1227111111111,50,90,50,51,0.375840702091186,0.0017717300606306
"648",648,13,50,0.45,16,5,7,3,48,57517,50.0814,50,75,50,51,0.300478214671861,0.00141646788795533
"649",649,13,50,0.45,16,5,7,3,49,240902,50.1123111111111,50,76,50,51,0.354604800024185,0.001671623058256
"650",650,13,50,0.45,16,5,7,3,50,815086,48.9988888888889,48,75,48,52,1.13424699407618,0.00534689160701149
"651",651,14,50,0.55,16,5,7,3,1,906095,50.0522,49,72,49,53,1.11866620594031,0.00527344306736415
"652",652,14,50,0.55,16,5,7,3,2,526004,50.0694222222222,50,75,50,51,0.285314889682885,0.00134498728845506
"653",653,14,50,0.55,16,5,7,3,3,335155,47.4407777777778,47,72,47,49,0.743725246535157,0.00350595443443098
"654",654,14,50,0.55,16,5,7,3,4,242909,50.1572222222222,50,66,50,51,0.433201016744951,0.00204212917704842
"655",655,14,50,0.55,16,5,7,3,5,888871,50.3828444444444,50,71,50,52,0.688263993576689,0.00324450758069741
"656",656,14,50,0.55,16,5,7,3,6,64683,44.0229333333333,43,68,43,47,1.15577457062697,0.00544837357608867
"657",657,14,50,0.55,16,5,7,3,7,325929,50.1908666666667,50,67,50,51,0.47379955175663,0.0022335125064684
"658",658,14,50,0.55,16,5,7,3,8,99157,50.3439777777778,50,74,50,52,0.650213482128073,0.00306513574954452
"659",659,14,50,0.55,16,5,7,3,9,777477,49.2894888888889,49,68,49,51,0.609630122712506,0.00287382395857067
"660",660,14,50,0.55,16,5,7,3,10,467111,47.2165111111111,46,70,46,50,1.23629428956067,0.00582794717127038
"661",661,14,50,0.55,16,5,7,3,11,90655,49.1294222222222,49,77,49,50,0.392722667451821,0.00185131240853901
"662",662,14,50,0.55,16,5,7,3,12,467701,50.7885333333333,50,72,50,53,0.995843304317019,0.00469445035654522
"663",663,14,50,0.55,16,5,7,3,13,275573,50.5556888888889,50,68,50,53,0.817028643320123,0.00385150996076869
"664",664,14,50,0.55,16,5,7,3,14,672182,50.2373555555556,50,66,50,52,0.530787403484019,0.002502155815813
"665",665,14,50,0.55,16,5,7,3,15,566745,50.0838444444444,50,78,50,51,0.302461986385225,0.00142581947749431
"666",666,14,50,0.55,16,5,7,3,16,257705,44.7824666666667,44,74,44,47,0.993071021182418,0.00468138168851958
"667",667,14,50,0.55,16,5,7,3,17,453436,50.0115555555556,50,76,50,50,0.110151738223693,0.000519260273716392
"668",668,14,50,0.55,16,5,7,3,18,927867,50.092,50,71,50,51,0.335301934493782,0.00158062847750347
"669",669,14,50,0.55,16,5,7,3,19,261646,50.1940888888889,50,77,50,52,0.485639635264663,0.0022893271953907
"670",670,14,50,0.55,16,5,7,3,20,682104,49.1486888888889,48,70,48,52,1.18713035812259,0.00559618617587263
"671",671,14,50,0.55,16,5,7,3,21,239405,50.6383555555556,50,70,50,53,0.87910776916878,0.00414415376648682
"672",672,14,50,0.55,16,5,7,3,22,943930,49.3416444444444,49,66,49,51,0.641560076176164,0.00302434320268482
"673",673,14,50,0.55,16,5,7,3,23,899066,50.0969333333333,50,63,50,51,0.33702259681019,0.00158873975745056
"674",674,14,50,0.55,16,5,7,3,24,538901,50.6939333333333,50,81,50,53,0.922778356918761,0.00435001889139624
"675",675,14,50,0.55,16,5,7,3,25,215354,49.5635555555556,49,77,49,52,0.841254867192295,0.00396571347531907
"676",676,14,50,0.55,16,5,7,3,26,911916,50.0886,50,74,50,51,0.31999493734745,0.00150847060095831
"677",677,14,50,0.55,16,5,7,3,27,568213,50.0162888888889,50,69,50,50,0.131240023399722,0.000618671403393499
"678",678,14,50,0.55,16,5,7,3,28,254095,49.4281777777778,49,67,49,51,0.72419142697986,0.00341387112596414
"679",679,14,50,0.55,16,5,7,3,29,65142,50.0378,50,74,50,51,0.212641974355919,0.00100240388021311
"680",680,14,50,0.55,16,5,7,3,30,740993,43.0354222222222,42,66,42,46,1.12551029168694,0.00530570639698054
"681",681,14,50,0.55,16,5,7,3,31,381609,50.0903555555556,50,73,50,51,0.332356059793362,0.00156674149098885
"682",682,14,50,0.55,16,5,7,3,32,644635,50.0231555555556,50,74,50,50,0.157754858893764,0.000743663536592718
"683",683,14,50,0.55,16,5,7,3,33,874934,50.4591333333333,50,77,50,52,0.750813039610623,0.00353936661141304
"684",684,14,50,0.55,16,5,7,3,34,750769,48.6329555555556,48,72,48,51,0.899300168055427,0.00423934164769463
"685",685,14,50,0.55,16,5,7,3,35,952147,48.3936,48,71,48,50,0.706305814595345,0.00332955754061238
"686",686,14,50,0.55,16,5,7,3,36,91558,50.0043111111111,50,72,50,50,0.0665278672439961,0.000313615373774053
"687",687,14,50,0.55,16,5,7,3,37,709444,50.2810444444444,50,72,50,52,0.590611354311652,0.00278416862453026
"688",688,14,50,0.55,16,5,7,3,38,260028,50.0252222222222,50,79,50,50,0.181989370746318,0.000857906121057296
"689",689,14,50,0.55,16,5,7,3,39,991795,50.0574888888889,50,73,50,51,0.258643604683213,0.00121925764521355
"690",690,14,50,0.55,16,5,7,3,40,164082,50.2193333333333,50,70,50,52,0.510717160950462,0.00240754378517609
"691",691,14,50,0.55,16,5,7,3,41,642660,50.7022444444444,50,71,50,53,0.952240400002839,0.00448890429441199
"692",692,14,50,0.55,16,5,7,3,42,509653,49.5633111111111,49,73,49,52,0.831361905510903,0.00391907760671286
"693",693,14,50,0.55,16,5,7,3,43,739446,50.0539555555556,50,74,50,51,0.247792803786852,0.00116810647924607
"694",694,14,50,0.55,16,5,7,3,44,670118,49.1491555555556,49,68,49,50,0.426746086965953,0.00201170034625633
"695",695,14,50,0.55,16,5,7,3,45,154345,50.0792666666667,50,74,50,51,0.30493528586784,0.00143747872306806
"696",696,14,50,0.55,16,5,7,3,46,552243,49.3388444444444,49,71,49,51,0.671412287736682,0.00316506787753721
"697",697,14,50,0.55,16,5,7,3,47,812359,49.4189555555556,49,68,49,51,0.725181307582838,0.00341853746787702
"698",698,14,50,0.55,16,5,7,3,48,355749,50.9630888888889,50,65,50,54,1.09798700882738,0.00517596039731048
"699",699,14,50,0.55,16,5,7,3,49,19691,48.2371555555556,48,83,48,50,0.538049262678927,0.00253638854835128
"700",700,14,50,0.55,16,5,7,3,50,821292,50.0904444444444,50,67,50,51,0.328498233453748,0.00154855552321965
"701",701,15,50,0.65,16,5,7,3,1,656666,50.1357333333333,50,67,50,51,0.40097385838966,0.00189020889563909
"702",702,15,50,0.65,16,5,7,3,2,881330,50.1913555555556,50,65,50,52,0.48738474090455,0.0022975537022697
"703",703,15,50,0.65,16,5,7,3,3,608359,50.008,50,63,50,50,0.0910589908599934,0.000429256199500701
"704",704,15,50,0.65,16,5,7,3,4,683281,50.0058666666667,50,62,50,50,0.0811661927365826,0.000382621101914212
"705",705,15,50,0.65,16,5,7,3,5,237720,49.5328222222222,49,64,49,52,0.816934499751013,0.00385106616372787
"706",706,15,50,0.65,16,5,7,3,6,319399,50.1844666666667,50,58,50,51,0.467569622180046,0.00220414433680228
"707",707,15,50,0.65,16,5,7,3,7,597366,50.0428,50,62,50,51,0.224480515932627,0.00105821130040144
"708",708,15,50,0.65,16,5,7,3,8,842663,50.6847555555556,50,73,50,53,0.931746394471213,0.00439229462584474
"709",709,15,50,0.65,16,5,7,3,9,392897,50.0139111111111,50,65,50,50,0.131259613280156,0.00061876375097548
"710",710,15,50,0.65,16,5,7,3,10,790841,50.0146,50,72,50,50,0.127838799775232,0.000602637881465437
"711",711,15,50,0.65,16,5,7,3,11,954201,50.1045111111111,50,63,50,51,0.356077739196273,0.00167856656010173
"712",712,15,50,0.65,16,5,7,3,12,566972,50.0139555555556,50,70,50,50,0.124655208923764,0.000587630290268128
"713",713,15,50,0.65,16,5,7,3,13,716839,50.0202444444444,50,60,50,50,0.149412154429209,0.000704335650590569
"714",714,15,50,0.65,16,5,7,3,14,959472,50.1961777777778,50,58,50,52,0.485486657902787,0.00228860605319103
"715",715,15,50,0.65,16,5,7,3,15,670790,50.0698222222222,50,69,50,51,0.281689266415657,0.0013278959364665
"716",716,15,50,0.65,16,5,7,3,16,413159,50.0669555555556,50,67,50,51,0.277181839267339,0.00130664772111797
"717",717,15,50,0.65,16,5,7,3,17,257656,50.0064,50,55,50,50,0.0856561779546346,0.000403787095214959
"718",718,15,50,0.65,16,5,7,3,18,175871,50.0231111111111,50,58,50,50,0.1622063675521,0.000764648149651518
"719",719,15,50,0.65,16,5,7,3,19,857504,50.1609555555556,50,68,50,51,0.434239756490895,0.00204702584317005
"720",720,15,50,0.65,16,5,7,3,20,550692,50.3703555555556,50,70,50,52,0.709399708032657,0.00334414229414433
"721",721,15,50,0.65,16,5,7,3,21,945192,50.0068,50,60,50,50,0.0832567823986351,0.000392476236092318
"722",722,15,50,0.65,16,5,7,3,22,330670,50.3232222222222,50,63,50,52,0.625959256799229,0.00295080023486151
"723",723,15,50,0.65,16,5,7,3,23,959640,50.0013111111111,50,64,50,50,0.0361859253994458,0.000170582088223058
"724",724,15,50,0.65,16,5,7,3,24,971475,50.0138,50,61,50,50,0.124226104979335,0.0005856074748752
"725",725,15,50,0.65,16,5,7,3,25,613167,50.1599111111111,50,70,50,51,0.446703460883203,0.00210578030913342
"726",726,15,50,0.65,16,5,7,3,26,812448,47.7611111111111,47,69,47,50,0.958133167079612,0.00451668306481158
"727",727,15,50,0.65,16,5,7,3,27,434776,50.3757555555556,50,56,50,52,0.670518852276891,0.0031608561823894
"728",728,15,50,0.65,16,5,7,3,28,197194,50.0303333333333,50,69,50,51,0.186167765346615,0.000877603262099583
"729",729,15,50,0.65,16,5,7,3,29,432694,50.0076888888889,50,71,50,50,0.0878568739199967,0.000414161275484542
"730",730,15,50,0.65,16,5,7,3,30,40175,50.0783111111111,50,62,50,51,0.296727323070589,0.00139878601537697
"731",731,15,50,0.65,16,5,7,3,31,565230,50.0608222222222,50,52,50,51,0.264936041291468,0.00124892047585278
"732",732,15,50,0.65,16,5,7,3,32,546254,50.0360888888889,50,64,50,51,0.19952340180386,0.000940562336139453
"733",733,15,50,0.65,16,5,7,3,33,177623,50.1135111111111,50,59,50,51,0.359082602219714,0.00169273162023781
"734",734,15,50,0.65,16,5,7,3,34,496478,50.0819777777778,50,63,50,51,0.311650841096412,0.00146913615401176
"735",735,15,50,0.65,16,5,7,3,35,50835,50.6317555555556,50,57,50,53,0.884126725345758,0.00416781335280161
"736",736,15,50,0.65,16,5,7,3,36,187202,50.0304666666667,50,75,50,51,0.182529359402021,0.000860451651992036
"737",737,15,50,0.65,16,5,7,3,37,417404,50.1051555555556,50,58,50,51,0.358655902724717,0.0016907201395282
"738",738,15,50,0.65,16,5,7,3,38,571298,50.1278,50,64,50,51,0.395198357557929,0.00186298292361998
"739",739,15,50,0.65,16,5,7,3,39,191550,50.0866,50,62,50,51,0.313603364036305,0.0014783404354199
"740",740,15,50,0.65,16,5,7,3,40,205629,50.2371333333333,50,58,50,52,0.556873420845884,0.00262512648095116
"741",741,15,50,0.65,16,5,7,3,41,24236,50.2710888888889,50,61,50,52,0.570970181190504,0.00269157924650078
"742",742,15,50,0.65,16,5,7,3,42,430428,48.2387777777778,48,66,48,50,0.530735641624991,0.00250191180806949
"743",743,15,50,0.65,16,5,7,3,43,277153,50.0910222222222,50,75,50,51,0.336494550273193,0.00158625052220328
"744",744,15,50,0.65,16,5,7,3,44,984923,50.2402888888889,50,58,50,52,0.543426404231138,0.00256173663671773
"745",745,15,50,0.65,16,5,7,3,45,671777,50.1378,50,62,50,51,0.411951235081157,0.00194195674562706
"746",746,15,50,0.65,16,5,7,3,46,469532,50.0137555555556,50,74,50,50,0.122065575374314,0.0005754226406441
"747",747,15,50,0.65,16,5,7,3,47,45197,50.2154888888889,50,68,50,52,0.522380813118773,0.00246252676878685
"748",748,15,50,0.65,16,5,7,3,48,515340,50.1057777777778,50,58,50,51,0.361436283426269,0.00170382697985052
"749",749,15,50,0.65,16,5,7,3,49,515489,50.0562,50,71,50,51,0.259184077716812,0.00122180545952759
"750",750,15,50,0.65,16,5,7,3,50,33038,50.2045111111111,50,72,50,52,0.496770258215425,0.00234179745517279
